Year;MarketCap;Ticker
2003;5085387;AKVR.OL
2003;83713;ALX.OL
2003;1838498;BONHR.OL
2003;305266;CNR.OL
2003;109089;COR.OL
2003;1516919;DNO.OL
2003;991005;DOF.OL
2003;1575655;DSND.OL
2003;2496000;FAR.OL
2003;1718550;FOE.OL
2003;142764;FDR.OL
2003;9900250;FRO.OL
2003;1360500;GRO.OL
2003;66768;GGS.OL
2003;109437925;NHY.OL
2003;123523;NOF.OL
2003;323434;NOI.OL
2003;928221;OCR.OL
2003;29769;PAR.OL
2003;5200000;PGS.OL
2003;27312;PDR.OL
2003;4550364;PRS.OL
2003;525754;RIS.OL
2003;90384;SCI.OL
2003;114565;SIN.OL
2003;2778207;SME.OL
2003;1188725;SMEB.OL
2003;1664428;SOFF.OL
2003;163671524;EQNR.OL
2003;1243074;STO.OL
2003;2259082;TGS.OL
2003;174728;BMA.OL
2003;637517;CRU.OL
2003;25850;ECU.OL
2003;9609600;ELK.OL
2003;108793;FSL.OL
2003;74921;IGE.OL
2003;708379;KEN.OL
2003;16908410;NSG.OL
2003;530141;AFG.OL
2003;169613;BOR.OL
2003;73562;GOD.OL
2003;158618;HEX.OL
2003;337560;JOT.OL
2003;3180000;KOG.OL
2003;1026151;KVE.OL
2003;71351;LUX.OL
2003;62995;NRL.OL
2003;10650;RAU.OL
2003;185413;TEC.OL
2003;7157311;TOM.OL
2003;148455;TTS.OL
2003;1615124;VEI.OL
2003;27305;BLO.OL
2003;219938;HAG.OL
2003;76208;LIN.OL
2003;283212;STP.OL
2003;220072;BELCO.OL
2003;236000;EID.OL
2003;252079;FOS.OL
2003;5331982;GOL.OL
2003;238665;GRR.OL
2003;206144;HSD.OL
2003;780145;IMSK.OL
2003;718527;JIN.OL
2003;55224;NAM.OL
2003;92705;NAT.OL
2003;560642;NAS.OL
2003;2430539;ODF.OL
2003;756199;ODFB.OL
2003;2793644;SASNO.OL
2003;382119;SOLV.OL
2003;458772;SRI.OL
2003;4008845;SNI.OL
2003;51744;STR.OL
2003;281641;TEN.OL
2003;529796;UTO.OL
2003;4072640;WWI.OL
2003;1342008;WWIB.OL
2003;4240828;EKO.OL
2003;100085;HJE.OL
2003;986000;CHS.OL
2003;81548;KDP.OL
2003;744000;RIC.OL
2003;15048608;RCL.OL
2003;619068;TFDS.OL
2003;627543;AAV.OL
2003;705672;GYL.OL
2003;133871;PFI.OL
2003;7929125;SCH.OL
2003;562500;STA.OL
2003;290306;CTG.OL
2003;1076853;EXPERT.OL
2003;491986;GRE.OL
2003;459992;DOM.OL
2003;1605390;FJO.OL
2003;1208871;LSG.OL
2003;31872503;ORK.OL
2003;810898;PAN.OL
2003;3978787;RIE.OL
2003;234592;SFM.OL
2003;8296836;AHM.OL
2003;332270;ASD.OL
2003;105905;CONTX.OL
2003;406964;NTL.OL
2003;133742;NUT.OL
2003;311908;PRO.OL
2003;238516;MEC.OL
2003;949158;PHO.OL
2003;2272729;BNB.OL
2003;58120808;DNB.OL
2003;97101;KBK.OL
2003;114000;VVL.OL
2003;1267415;ABG.OL
2003;472711;ACTA.OL
2003;2312387;AIK.OL
2003;230000;NOV.OL
2003;30000;NVF.OL
2003;455212;SKI.OL
2003;12040454;STB.OL
2003;1223876;AVA.OL
2003;429486;IFN.OL
2003;3158911;OLT.OL
2003;3582994;SST.OL
2003;622835;NOD.OL
2003;590395;APP.OL
2003;267424;BIRD.OL
2003;267614;COGR.OL
2003;251715;DAT.OL
2003;3768539;EDBASA.OL
2003;1303296;EME.OL
2003;65000;EXE.OL
2003;3663223;FAST.OL
2003;13874;HND.OL
2003;70637;INM.OL
2003;195681;ITERA.OL
2003;109334;MEF.OL
2003;555750;NEXT.OL
2003;656241;NOR.OL
2003;211439;PSI.OL
2003;370323;SOI.OL
2003;266706;SUO.OL
2003;410856;TCO.OL
2003;2093335;VIS.OL
2003;1311032;ELT.OL
2003;671657;KIT.OL
2003;862831;KOM.OL
2003;1704705;NER.OL
2003;42478;OFL.OL
2003;1332072;OPC.OL
2003;328246;OTR.OL
2003;421645;QFR.OL
2003;6452572;TAA.OL
2003;721461;TAD.OL
2003;75410;TST.OL
2003;1601747;TAT.OL
2003;746918;VME.OL
2003;163302;WIC.OL
2003;78474926;TEL.OL
2003;1293926;AFK.OL
2003;4099005;HNA.OL
2003;2751668;HNB.OL
2004;8859707;AKVER.OL
2004;6369300;AIK.OL
2004;79296527;DNB.OL
2004;2159327;ELT.OL
2004;1153348;EME.OL
2004;3316113;FAST.OL
2004;14620043;FRO.OL
2004;4501554;GOL.OL
2004;125906262;NHY.OL
2004;17440959;NSG.OL
2004;42248151;ORK.OL
2004;7570000;PGS.OL
2004;5583133;PRS.OL
2004;19012489;RCL.OL
2004;11911000;SCH.OL
2004;208010632;EQNR.OL
2004;7502653;STO.OL
2004;11027556;SNI.OL
2004;16273640;STB.OL
2004;10107942;TAA.OL
2004;3241185;TAT.OL
2004;96233338;TEL.OL
2004;3926597;TGS.OL
2004;5943602;TOM.OL
2004;25475547;YAR.OL
2004;1977483;ABG.OL
2004;2317456;ACTA.OL
2004;5364988;AKER.OL
2004;3080024;AKY.OL
2004;178361;ALX.OL
2004;463969;APP.OL
2004;405917;ASD.OL
2004;302084;BELCO.OL
2004;318365;BIRD.OL
2004;200169;BLO.OL
2004;3306674;BNB.OL
2004;2773673;BONHR.OL
2004;347702;CTG.OL
2004;2018975;CECO.OL
2004;1221706;CNR.OL
2004;796971;CATCH.OL
2004;174816;COR.OL
2004;949218;CRU.OL
2004;1543912;DNO.OL
2004;4484199;EDBASA.OL
2004;4861131;EKO.OL
2004;1856367;EXPERT.OL
2004;2964000;FAR.OL
2004;4751745;FIND.OL
2004;1455330;FJO.OL
2004;5276346;FOE.OL
2004;2194940;GRO.OL
2004;260355;GGS.OL
2004;39853;GOD.OL
2004;567536;GRR.OL
2004;93910;HND.OL
2004;413538;HEX.OL
2004;173837;IGNIS.OL
2004;88296;INM.OL
2004;71079;IGE.OL
2004;235795;ITERA.OL
2004;1386748;JIN.OL
2004;375630;KIT.OL
2004;2970000;KOG.OL
2004;1381311;KVI.OL
2004;1260532;LSG.OL
2004;198178;MEC.OL
2004;380577;NTL.OL
2004;1791176;NER.OL
2004;1092759;NEXT.OL
2004;2094382;NOD.OL
2004;390222;NOI.OL
2004;247501;NAS.OL
2004;2379933;OCR.OL
2004;862316;OTEC.OL
2004;836631;OPC.OL
2004;587097;PFI.OL
2004;367841;PAR.OL
2004;934278;PAN.OL
2004;234300;PDR.OL
2004;692759;PHO.OL
2004;343213;PSI.OL
2004;820437;QFR.OL
2004;2323440;SASNO.OL
2004;290291;SCI.OL
2004;2752887;SIEM.OL
2004;1140289;SIN.OL
2004;2300532;SMEB.OL
2004;5526450;SME.OL
2004;339737;SOI.OL
2004;368893;STP.OL
2004;540484;SUO.OL
2004;387882;TAD.OL
2004;139945;TST.OL
2004;332210;TEC.OL
2004;303517;TCO.OL
2004;305092;TTS.OL
2004;2889504;VEI.OL
2004;2390152;VIS.OL
2004;5786465;WWI.OL
2004;787281;AAV.OL
2004;764229;AFG.OL
2004;1692058;AFK.OL
2004;254342;AXX.OL
2004;233087;BOR.OL
2004;222855;BMA.OL
2004;1158550;CHS.OL
2004;361830;CNS.OL
2004;183626;COGR.OL
2004;127271;CONTX.OL
2004;281822;DAT.OL
2004;84401;DIAG.OL
2004;1550713;DOF.OL
2004;360070;DOM.OL
2004;222181;ECU.OL
2004;233640;EID.OL
2004;11285120;ELK.OL
2004;69862;EXE.OL
2004;240785;FSL.OL
2004;260733;FOS.OL
2004;832713;GRE.OL
2004;336136;GNR.OL
2004;717433;GYL.OL
2004;4572412;HNA.OL
2004;3054751;HNB.OL
2004;197372;HSD.OL
2004;240527;HJE.OL
2004;236194;HAG.OL
2004;920506;IMSK.OL
2004;127014;IBAS.OL
2004;557098;KOM.OL
2004;345545;KBK.OL
2004;1035451;KVE.OL
2004;98594;LUX.OL
2004;416194;MAMUT.OL
2004;176381;MEDI.OL
2004;71791;NAM.OL
2004;14495;NAT.OL
2004;677410;NORMAN.OL
2004;204444;NOV.OL
2004;25000;NVF.OL
2004;164424;NUT.OL
2004;6963166;ODF.OL
2004;2171107;ODFB.OL
2004;60023;OFL.OL
2004;4347519;OLT.OL
2004;610537;OTR.OL
2004;650000;PRI.OL
2004;422925;PRO.OL
2004;804000;RIC.OL
2004;4456241;RIE.OL
2004;828062;RIS.OL
2004;613744;SKI.OL
2004;2570003;SOFF.OL
2004;640974;SOLV.OL
2004;977479;SRI.OL
2004;512399;STA.OL
2004;4043067;SST.OL
2004;63357;STR.OL
2004;162530;SFM.OL
2004;177273;TECO.OL
2004;696575;TFDS.OL
2004;20992;TEN.OL
2004;1172979;UTO.OL
2004;654989;VME.OL
2004;133950;VVL.OL
2004;1840469;WWIB.OL
2004;241178;ACTIVE.OL
2004;336980;BJORGE.OL
2004;853015;GOGL.OL
2004;452500;OIL.OL
2004;608754;SEVAN.OL
2005;22809617;AKVER.OL
2005;96254993;DNB.OL
2005;13459747;DNO.OL
2005;7014004;FAST.OL
2005;14864113;FOE.OL
2005;11258220;FRO.OL
2005;179455419;NHY.OL
2005;20371668;NSG.OL
2005;58215991;ORK.OL
2005;12480000;PGS.OL
2005;9763187;PRS.OL
2005;18144302;RCL.OL
2005;13919250;SCH.OL
2005;10591509;SME.OL
2005;339385768;EQNR.OL
2005;15131863;STO.OL
2005;14692793;SNI.OL
2005;15059154;STB.OL
2005;11148560;SUB.OL
2005;5547614;TAA.OL
2005;6628412;TAT.OL
2005;113060282;TEL.OL
2005;8284441;TGS.OL
2005;8620901;TOM.OL
2005;30922945;YAR.OL
2005;2369743;ABG.OL
2005;4505133;ACTA.OL
2005;213177;ACTIVE.OL
2005;1184210;AFG.OL
2005;22725537;AKER.OL
2005;2263200;AKASA.OL
2005;2091779;AKS.OL
2005;6675101;AKY.OL
2005;4860827;AIK.OL
2005;421146;ALL.OL
2005;596326;ALX.OL
2005;1504862;ATG.OL
2005;1577611;APL.OL
2005;432675;APP.OL
2005;5025686;AWO.OL
2005;447504;ASD.OL
2005;176946;BELCO.OL
2005;582113;BIRD.OL
2005;518267;BJORGE.OL
2005;1132915;BLO.OL
2005;413582;BLU.OL
2005;6597671;BONHR.OL
2005;241412;BOR.OL
2005;2523719;CECO.OL
2005;1692646;CNR.OL
2005;3306566;CONSA.OL
2005;306164;CNS.OL
2005;115264;CONTX.OL
2005;195168;COR.OL
2005;1883110;CRU.OL
2005;465223;DAT.OL
2005;473382;DESS.OL
2005;296887;DIAG.OL
2005;2763647;DOF.OL
2005;381241;DOM.OL
2005;112794;DYNA.OL
2005;2010000;EDRILL.OL
2005;4438904;EDBASA.OL
2005;1522575;EIOF.OL
2005;4575724;EKO.OL
2005;3605218;ELT.OL
2005;855463;EME.OL
2005;2298359;EXPERT.OL
2005;3792750;FAR.OL
2005;2624546;FJO.OL
2005;5256065;GRO.OL
2005;496823;GGS.OL
2005;4653749;GOL.OL
2005;938135;GOGL.OL
2005;137426;GOD.OL
2005;682764;GRR.OL
2005;598972;GNR.OL
2005;5862250;HNB.OL
2005;184334;HND.OL
2005;896161;HEX.OL
2005;444656;HAG.OL
2005;1503818;IMSK.OL
2005;675965;IGNIS.OL
2005;74476;INM.OL
2005;524515;IGE.OL
2005;479638;IMAREX.OL
2005;372772;ITERA.OL
2005;1411962;JIN.OL
2005;505048;KIT.OL
2005;2134912;KOA.OL
2005;3720000;KOG.OL
2005;2874548;LSG.OL
2005;638462;MAMUT.OL
2005;116676;MRG.OL
2005;225189;MEC.OL
2005;284164;NTL.OL
2005;1939411;NER.OL
2005;1322794;NEXT.OL
2005;2200478;NOD.OL
2005;1128739;NEC.OL
2005;1451166;NAS.OL
2005;8261660;OCR.OL
2005;8999563;ODF.OL
2005;2466208;ODFB.OL
2005;101860;OFL.OL
2005;2313609;OTEC.OL
2005;2148962;OPC.OL
2005;591293;OTR.OL
2005;845162;PFI.OL
2005;2162089;PAR.OL
2005;2891424;PAN.OL
2005;1274175;JACK.OL
2005;1664701;PDR.OL
2005;861626;PHO.OL
2005;656279;POLI.OL
2005;469737;POWEL.OL
2005;600025;PRO.OL
2005;286377;PSI.OL
2005;1084367;QFR.OL
2005;177227;QEC.OL
2005;1649982;REVUS.OL
2005;3998681;RIE.OL
2005;962869;RGT.OL
2005;2945999;SASNO.OL
2005;751329;SCI.OL
2005;2835766;SEVAN.OL
2005;515063;SIOFF.OL
2005;153357;SIT.OL
2005;4948239;SIN.OL
2005;4363320;SMEB.OL
2005;355762;SOI.OL
2005;3628239;SOFF.OL
2005;1293144;SRI.OL
2005;916955;STP.OL
2005;237253;STR.OL
2005;663069;SUO.OL
2005;350838;SFM.OL
2005;469232;TAD.OL
2005;350320;TST.OL
2005;329419;TEC.OL
2005;138273;TECO.OL
2005;494629;TCO.OL
2005;1525041;TREF.OL
2005;623599;TTS.OL
2005;5507224;VEI.OL
2005;3200006;VIS.OL
2005;604429;VME.OL
2005;9158832;WWI.OL
2005;924530;WILS.OL
2005;950823;AAV.OL
2005;2071824;AFK.OL
2005;541009;AGI.OL
2005;319748;BMA.OL
2005;216799;COGR.OL
2005;295000;EID.OL
2005;88597;EXE.OL
2005;319988;FSL.OL
2005;267129;FOS.OL
2005;910068;GRE.OL
2005;940896;GYL.OL
2005;8428941;HNA.OL
2005;280707;HSD.OL
2005;674715;HAVI.OL
2005;199989;HJE.OL
2005;292964;IBAS.OL
2005;988789;KOM.OL
2005;1141888;KVE.OL
2005;67459;LUX.OL
2005;244220;MEDI.OL
2005;66989;NAM.OL
2005;598026;NORMAN.OL
2005;258338;NOV.OL
2005;10000;NVF.OL
2005;696878;NEMI.OL
2005;251749;NUT.OL
2005;5032842;OLT.OL
2005;1534608;OSLO.OL
2005;916800;RIC.OL
2005;736055;RISH.OL
2005;736040;SKI.OL
2005;727259;SOLV.OL
2005;658799;STA.OL
2005;5716061;SST.OL
2005;590915;TFDS.OL
2005;1436899;UTO.OL
2005;314211;VIZ.OL
2005;213750;VVL.OL
2005;2792655;WWIB.OL
2005;3627000;AKD.OL
2005;11390875;GAS.OL
2005;462014;AZT.OL
2005;5064375;CEQ.OL
2005;1287410;DEEP.OL
2005;136249;FARA.OL
2005;603556;FUNCOM.OL
2005;295831;FIRM.OL
2005;2622375;GEO.OL
2005;668480;GGG.OL
2005;237425;NORD.OL
2005;1672785;NORGAN.OL
2005;436708;ODIM.OL
2005;1971955;SCORE.OL
2005;11937157;SDRL.OL
2006;23340150;ACY.OL
2006;29022266;AKER.OL
2006;42812744;AKVER.OL
2006;9668891;AWO.OL
2006;118313428;DNB.OL
2006;10405854;DNO.OL
2006;19225936;FOE.OL
2006;7682785;FRO.OL
2006;248929131;NHY.OL
2006;20419155;NSG.OL
2006;8553762;OCR.OL
2006;73525026;ORK.OL
2006;19794095;PAN.OL
2006;26370000;PGS.OL
2006;20349406;PRS.OL
2006;40324771;SDRL.OL
2006;19810655;STB.OL
2006;357955249;EQNR.OL
2006;16935075;SUB.OL
2006;6297436;TAT.OL
2006;197012193;TEL.OL
2006;13726313;TGS.OL
2006;7466600;TOM.OL
2006;11364257;TAA.OL
2006;42947336;YAR.OL
2006;3751234;ABG.OL
2006;3507471;AGR.OL
2006;8305553;ACTA.OL
2006;1555997;AFG.OL
2006;3571200;AKD.OL
2006;1459380;AKS.OL
2006;10974444;AKY.OL
2006;4412499;AIK.OL
2006;2239511;ALX.OL
2006;2694089;APL.OL
2006;620824;APP.OL
2006;912860;AGI.OL
2006;546412;ASD.OL
2006;298224;BELCO.OL
2006;10588701;GAS.OL
2006;921879;AZT.OL
2006;483312;BIRD.OL
2006;1285807;BLO.OL
2006;534494;BLU.OL
2006;10931535;BONHR.OL
2006;426191;BOR.OL
2006;2669836;CECO.OL
2006;2019445;CNR.OL
2006;191257;CAPTU.OL
2006;8417500;CEQ.OL
2006;610904;CLAVIS.OL
2006;209027;CNS.OL
2006;387598;CONTX.OL
2006;320410;COR.OL
2006;4744416;CRU.OL
2006;466535;DAT.OL
2006;2451325;DESS.OL
2006;2600339;DEEP.OL
2006;277322;DIAG.OL
2006;117723;DOLP.OL
2006;5220222;DOF.OL
2006;349762;DOM.OL
2006;4333626;EDRILL.OL
2006;5037885;EDBASA.OL
2006;1884375;EIOF.OL
2006;5266226;EKO.OL
2006;3038466;ELT.OL
2006;3326014;EME.OL
2006;183347;EXE.OL
2006;3316607;EXPERT.OL
2006;885000;FAIR.OL
2006;5284500;FAR.OL
2006;5565493;FAST.OL
2006;376586;FIRM.OL
2006;1092928;FUNCOM.OL
2006;8670920;GRO.OL
2006;4977686;GEO.OL
2006;315958;GGS.OL
2006;4122587;GOL.OL
2006;3025860;GOGL.OL
2006;490604;GOD.OL
2006;9291866;HNB.OL
2006;1340640;HAVI.OL
2006;1257695;HEX.OL
2006;1200139;IMSK.OL
2006;453746;IGNIS.OL
2006;134364;INM.OL
2006;1196752;IGE.OL
2006;924158;IOX.OL
2006;437768;ITERA.OL
2006;2672642;JIN.OL
2006;856160;KIT.OL
2006;4705510;LSG.OL
2006;705555;MAMUT.OL
2006;196305;MRG.OL
2006;317157;MEC.OL
2006;578477;NTL.OL
2006;160102;NAVA.OL
2006;1651304;NOD.OL
2006;1456505;NEC.OL
2006;1829235;NAS.OL
2006;166784;NUT.OL
2006;7554378;ODF.OL
2006;2007747;ODFB.OL
2006;1967952;ODIM.OL
2006;9101948;OLT.OL
2006;1695460;OTEC.OL
2006;4157312;PAR.OL
2006;5287499;TPO.OL
2006;3015342;PDR.OL
2006;1195397;PHO.OL
2006;1343442;POLI.OL
2006;315817;PSI.OL
2006;982756;QFR.OL
2006;626860;QEC.OL
2006;56335595;RECSI.OL
2006;1781980;REVUS.OL
2006;4456241;RIE.OL
2006;624391;RGT.OL
2006;15480061;RCL.OL
2006;2666826;SASNO.OL
2006;1372137;SCI.OL
2006;15442750;SCH.OL
2006;3533500;SCORE.OL
2006;3203023;SBX.OL
2006;4918804;SEVAN.OL
2006;1892738;SIOFF.OL
2006;357857;SIT.OL
2006;8134526;SIN.OL
2006;5177800;SOFF.OL
2006;5385605;SONG.OL
2006;109875;SPITS.OL
2006;1827494;STP.OL
2006;12621558;SNI.OL
2006;378675;SFM.OL
2006;325178;TAD.OL
2006;269428;TST.OL
2006;201382;TECO.OL
2006;1620136;TREF.OL
2006;863997;TROLL.OL
2006;1574503;TTS.OL
2006;6780322;VEI.OL
2006;987498;VIZ.OL
2006;8753411;WWI.OL
2006;1102955;AAV.OL
2006;2898000;AKASA.OL
2006;1958000;AKFP.OL
2006;3068540;AFK.OL
2006;179623;BHOC.OL
2006;5372724;BWO.OL
2006;812537;BJORGE.OL
2006;1710000;BWG.OL
2006;783719;BMA.OL
2006;253421;COGR.OL
2006;337437;DYNA.OL
2006;310800;EID.OL
2006;267032;EMS.OL
2006;201928;FARA.OL
2006;236052;FSL.OL
2006;426653;FOS.OL
2006;1270571;RISH.OL
2006;785958;GRR.OL
2006;740732;GGG.OL
2006;882090;GYL.OL
2006;14202188;HNA.OL
2006;162694;HJE.OL
2006;1171055;HRG.OL
2006;908368;IMAREX.OL
2006;1507300;KOM.OL
2006;2526329;KOA.OL
2006;5250000;KOG.OL
2006;1165034;KVE.OL
2006;94248;LUX.OL
2006;324252;MEDI.OL
2006;65075;NAM.OL
2006;216268;NORD.OL
2006;2908718;NORGAN.OL
2006;500761;NORMAN.OL
2006;493998;NOV.OL
2006;15333;NVF.OL
2006;1665780;OILRIG.OL
2006;326306;OTR.OL
2006;77140;PBG.OL
2006;1383968;JACK.OL
2006;383459;POWEL.OL
2006;698616;PRO.OL
2006;842483;SKI.OL
2006;221150;SOI.OL
2006;769169;SOLV.OL
2006;1473987;SRI.OL
2006;1112638;STA.OL
2006;9340880;SST.OL
2006;797361;SUO.OL
2006;908943;TCO.OL
2006;426369;TELIO.OL
2006;565278;TIDE.OL
2006;583745;VME.OL
2006;247000;VVL.OL
2006;2786265;WWIB.OL
2006;894979;WILS.OL
2006;599356;AKVA.OL
2006;7396280;AUSS.OL
2006;1026667;CMI.OL
2006;403968;COD.OL
2006;670000;CRUR.OL
2006;4349641;ECHEM.OL
2006;1896850;FAKTOR.OL
2006;606399;MAFA.OL
2006;127332;NAUR.OL
2006;206452;NAURR.OL
2006;6403340;NPRO.OL
2006;1723192;PERTRA.OL
2007;23638169;ACY.OL
2007;39593000;AKVER.OL
2007;7043639;AKY.OL
2007;9084462;AWO.OL
2007;110610250;DNB.OL
2007;9120958;DNO.OL
2007;19841424;FOE.OL
2007;7203886;FRO.OL
2007;9172072;GOGL.OL
2007;12141355;MHG.OL
2007;96841459;NHY.OL
2007;8585542;NSG.OL
2007;109610610;ORK.OL
2007;28395000;PGS.OL
2007;21729027;PRS.OL
2007;136430864;RECSI.OL
2007;52885151;SDRL.OL
2007;538881360;EQNR.OL
2007;25509891;STB.OL
2007;17950104;SUB.OL
2007;12902160;TAA.OL
2007;218015625;TEL.OL
2007;7914075;TGS.OL
2007;6340573;TOM.OL
2007;73331202;YAR.OL
2007;4252247;ABG.OL
2007;5713214;ACTA.OL
2007;1865820;AFG.OL
2007;3517790;AGR.OL
2007;24535033;AKER.OL
2007;2126646;AKBM.OL
2007;3952500;AKD.OL
2007;1843684;AKS.OL
2007;3916977;AIK.OL
2007;536465;ALGETA.OL
2007;248706;APP.OL
2007;1219700;AGI.OL
2007;7280536;AUSS.OL
2007;626270;BELCO.OL
2007;720956;AZT.OL
2007;746949;BIRD.OL
2007;3127548;BLO.OL
2007;248077;BLU.OL
2007;9993380;BONHR.OL
2007;514357;BOR.OL
2007;7059134;GAS.OL
2007;10447289;BWO.OL
2007;2065800;BWG.OL
2007;3244781;CECO.OL
2007;1076016;CNR.OL
2007;6983750;CEQ.OL
2007;386906;CLAVIS.OL
2007;233753;COMROD.OL
2007;405406;CONF.OL
2007;328563;CONTX.OL
2007;2837250;COP.OL
2007;3831884;CRU.OL
2007;641108;DAT.OL
2007;3210132;DESSC.OL
2007;2512192;DEEP.OL
2007;5194002;DETNOR.OL
2007;251485;DIAG.OL
2007;5152306;DOF.OL
2007;4723543;DOFSUB.OL
2007;68665;DOLP.OL
2007;3720496;EDBASA.OL
2007;1590412;EIOF.OL
2007;3933712;ECHEM.OL
2007;365275;EMS.OL
2007;3516955;EKO.OL
2007;3783525;EMGS.OL
2007;1426972;ELT.OL
2007;3935713;EME.OL
2007;66763;EXE.OL
2007;567428;FAIR.OL
2007;136244;FARA.OL
2007;5772000;FAR.OL
2007;4744539;FAST.OL
2007;1318778;FUNCOM.OL
2007;7981600;GRO.OL
2007;1288443;GGS.OL
2007;5425188;GOL.OL
2007;963320;GRR.OL
2007;823036;GGG.OL
2007;1208890;GSF.OL
2007;30449057;HNA.OL
2007;12442327;HNB.OL
2007;1899240;HAVI.OL
2007;906172;HEX.OL
2007;1500174;IMSK.OL
2007;237266;IGNIS.OL
2007;1771312;IMAREX.OL
2007;265386;INM.OL
2007;585613;IGE.OL
2007;677195;IOX.OL
2007;804833;ITX.OL
2007;486905;ITERA.OL
2007;4958675;JIN.OL
2007;615743;KIT.OL
2007;1778378;KOA.OL
2007;10170000;KOG.OL
2007;5893510;LSG.OL
2007;124282;LUX.OL
2007;885124;MAMUT.OL
2007;661753;MEC.OL
2007;278871;NAVA.OL
2007;224670;NEAS.OL
2007;790518;NOD.OL
2007;1608150;NEC.OL
2007;158643;NSTAT.OL
2007;1259792;NLPR.OL
2007;3782582;NOF.OL
2007;1528404;NAUR.OL
2007;3526274;NAS.OL
2007;7014524;NPRO.OL
2007;208709;NUT.OL
2007;1311000;OHL.OL
2007;6763887;OCR.OL
2007;2586502;OILRIG.OL
2007;5846432;ODF.OL
2007;1496588;ODFB.OL
2007;3770394;ODIM.OL
2007;8555874;OLT.OL
2007;1542095;OTEC.OL
2007;2875213;PAR.OL
2007;2379602;PDR.OL
2007;1016292;PHO.OL
2007;432383;PSI.OL
2007;492424;QFR.OL
2007;472948;QEC.OL
2007;72501;REPANT.OL
2007;1588189;RXT.OL
2007;3289128;REVUS.OL
2007;4177726;RIE.OL
2007;1165691;RGT.OL
2007;1647602;ROX.OL
2007;12948225;RCL.OL
2007;4532000;SALM.OL
2007;1795927;SASNO.OL
2007;1337849;SCASUB.OL
2007;3162608;SCI.OL
2007;16308375;SCH.OL
2007;3694900;SCORE.OL
2007;1634030;SBX.OL
2007;14548824;SEVAN.OL
2007;4321113;SIOFF.OL
2007;526166;SIT.OL
2007;280056;SIMTRO.OL
2007;5858095;SOFF.OL
2007;6414126;SONG.OL
2007;3049833;STP.OL
2007;10389675;SNI.OL
2007;705035;SUO.OL
2007;492350;SFM.OL
2007;130417;TAD.OL
2007;182740;TST.OL
2007;182328;TECO.OL
2007;235621;TELIO.OL
2007;887540;TREF.OL
2007;529317;TROLL.OL
2007;2496613;TTS.OL
2007;7113337;VEI.OL
2007;1610672;VIZ.OL
2007;5452724;WAVE.OL
2007;7813571;WWI.OL
2007;2492301;WWIB.OL
2007;1321644;AAV.OL
2007;3463800;AKASA.OL
2007;1771000;AKFP.OL
2007;669970;AKVA.OL
2007;4479620;AFK.OL
2007;485495;ASD.OL
2007;193854;BHOC.OL
2007;790576;BJORGE.OL
2007;887585;BMA.OL
2007;570538;COD.OL
2007;321082;DOM.OL
2007;264958;DYNA.OL
2007;356310;EID.OL
2007;1450800;FAKTOR.OL
2007;445465;FOS.OL
2007;1927926;FOP.OL
2007;1763000;FRID.OL
2007;1883950;RISH.OL
2007;571070;GOD.OL
2007;635105;GYL.OL
2007;135128;HJE.OL
2007;1231795;HRG.OL
2007;212816;ITC.OL
2007;2078180;KOM.OL
2007;1627962;KVE.OL
2007;1061940;MAFA.OL
2007;1214400;MIS.OL
2007;396088;MEDI.OL
2007;80387;NAM.OL
2007;1285855;NEXUS.OL
2007;224194;NORD.OL
2007;430160;NORMAN.OL
2007;1135170;OPU.OL
2007;221187;OTR.OL
2007;124033;PBG.OL
2007;1156555;JACK.OL
2007;264586;POWEL.OL
2007;635657;PRO.OL
2007;1022270;PROT.OL
2007;2066357;REM.OL
2007;856071;SKI.OL
2007;262429;SOI.OL
2007;788891;SOLV.OL
2007;2101637;SRI.OL
2007;1295638;STA.OL
2007;5924999;TPO.OL
2007;1042429;TCO.OL
2007;1342294;TIDE.OL
2007;261996;VME.OL
2007;266000;VVL.OL
2007;1224264;WILS.OL
2007;5169497;DOCK.OL
2007;2440999;EOC.OL
2007;855767;HIT.OL
2007;3342431;NOR.OL
2007;6618315;PRON.OL
2007;2400478;SPDE.OL
2008;7603205;ACY.OL
2008;9915338;AKER.OL
2008;12330000;AKSO.OL
2008;35981648;DNB.OL
2008;4026613;DNO.OL
2008;12271738;FOE.OL
2008;15571700;FRO.OL
2008;1256596;GOGL.OL
2008;3652843;MHG.OL
2008;34693203;NHY.OL
2008;2564266;NSG.OL
2008;46764913;ORK.OL
2008;4977000;PGS.OL
2008;5978357;PRS.OL
2008;31883300;RECSI.OL
2008;5747750;SCH.OL
2008;21992240;SDRL.OL
2008;1451351;SEVAN.OL
2008;7535991;STB.OL
2008;363186905;EQNR.OL
2008;5983469;SUB.OL
2008;76760254;TEL.OL
2008;3690911;TGS.OL
2008;8571127;TAA.OL
2008;43371834;YAR.OL
2008;629209;ACTA.OL
2008;1269095;AFG.OL
2008;99074;AGI.OL
2008;464077;AKBM.OL
2008;172700;AKFP.OL
2008;127101;ALGETA.OL
2008;1408478;ABG.OL
2008;2027491;AUSS.OL
2008;121775;BELCO.OL
2008;254287;AZT.OL
2008;90751;BIRD.OL
2008;579639;BLO.OL
2008;96976;BLU.OL
2008;5914450;BONHR.OL
2008;280918;BOR.OL
2008;168960;BWG.OL
2008;1319728;BWGAS.OL
2008;1961718;BWO.OL
2008;566822;CECO.OL
2008;2442000;CEQ.OL
2008;109963;CLAVIS.OL
2008;78881;CNR.OL
2008;184631;COMROD.OL
2008;498420;COP.OL
2008;231762;CONTX.OL
2008;195578;CRU.OL
2008;132600;CRUR.OL
2008;368547;DAT.OL
2008;914953;DESSC.OL
2008;1889318;DETNOR.OL
2008;142275;DIAG.OL
2008;907534;DOCK.OL
2008;2814111;DOF.OL
2008;11562;DOLP.OL
2008;1485878;ECHEM.OL
2008;1224930;EDBASA.OL
2008;551745;EIOF.OL
2008;2467392;EKO.OL
2008;460888;ELT.OL
2008;1585749;ATEA.OL
2008;320492;EMGS.OL
2008;203627;EMS.OL
2008;230930;FAIR.OL
2008;2652000;FAR.OL
2008;139840;FUNCOM.OL
2008;346269;GGS.OL
2008;3025528;GOL.OL
2008;5042920;GRO.OL
2008;326572;HEX.OL
2008;577643;HIT.OL
2008;5383699;HNB.OL
2008;450592;HRG.OL
2008;210000;IGE.OL
2008;85596;IGNIS.OL
2008;878985;IMAREX.OL
2008;978429;IMSK.OL
2008;131542;INM.OL
2008;393210;IOX.OL
2008;119167;ITX.OL
2008;600084;JIN.OL
2008;425486;KIT.OL
2008;174640;KOA.OL
2008;9840000;KOG.OL
2008;925855;KVE.OL
2008;2410982;LSG.OL
2008;69241;LUX.OL
2008;499348;MAMUT.OL
2008;195911;MEC.OL
2008;1194076;NAS.OL
2008;329046;NAUR.OL
2008;36555;NAVA.OL
2008;125400;NEAS.OL
2008;1250202;NEC.OL
2008;456238;NOF.OL
2008;1949749;NOR.OL
2008;92046;NORD.OL
2008;1225943;NPRO.OL
2008;122882;NUT.OL
2008;2857526;ODF.OL
2008;948542;ODFB.OL
2008;1361421;ODIM.OL
2008;2140389;OTEC.OL
2008;1356250;OHL.OL
2008;1484243;PAR.OL
2008;546802;PDR.OL
2008;486053;PHO.OL
2008;2807219;PROD.OL
2008;6949231;PRON.OL
2008;249615;PSI.OL
2008;2298433;QEC.OL
2008;19548424;RCL.OL
2008;5017330;REVUS.OL
2008;370314;RGT.OL
2008;2824939;RIE.OL
2008;854673;ROX.OL
2008;233302;RXT.OL
2008;6053600;SASNO.OL
2008;295785;SBX.OL
2008;1372137;SCI.OL
2008;937575;SCORE.OL
2008;256925;SFM.OL
2008;153537;SIMTRO.OL
2008;2081913;SIOFF.OL
2008;4521433;SNI.OL
2008;2210958;SOFF.OL
2008;1390060;SONG.OL
2008;576346;STP.OL
2008;2942424;STXEUR.OL
2008;92980;TAD.OL
2008;30831;TECO.OL
2008;3658474;TOM.OL
2008;21775;TST.OL
2008;427487;TTS.OL
2008;3031893;VEI.OL
2008;1298813;VIZ.OL
2008;1940749;WAVE.OL
2008;3501364;WWI.OL
2008;4031658;AFK.OL
2008;1068162;AGR.OL
2008;1746122;AIK.OL
2008;313767;AKS.OL
2008;344457;AKVA.OL
2008;910800;AMSC.OL
2008;54675;APP.OL
2008;1399694;ASD.OL
2008;260606;BERGEN.OL
2008;333799;BJORGE.OL
2008;287049;BMA.OL
2008;71381;COD.OL
2008;134658;DOM.OL
2008;136530;EID.OL
2008;560320;EOC.OL
2008;137826;FAKTOR.OL
2008;75879;FARA.OL
2008;455499;FOP.OL
2008;277663;FOS.OL
2008;253221;GGG.OL
2008;94699;GIPS.OL
2008;277839;GOD.OL
2008;250970;GRR.OL
2008;252490;GSF.OL
2008;811523;GYL.OL
2008;550620;HAVI.OL
2008;77891;HJE.OL
2008;7906801;HNA.OL
2008;166452;ITC.OL
2008;167267;ITERA.OL
2008;190377;JACK.OL
2008;469267;KOM.OL
2008;465057;MAFA.OL
2008;311212;MEDI.OL
2008;230920;MIS.OL
2008;66989;NAM.OL
2008;361944;NEXUS.OL
2008;9001;NIO.OL
2008;243831;NLPR.OL
2008;632414;NOD.OL
2008;232227;NORMAN.OL
2008;465160;NPEL.OL
2008;3872837;OILRIG.OL
2008;5070147;OLT.OL
2008;362424;OPU.OL
2008;69860;OTR.OL
2008;364286;POWEL.OL
2008;404070;PROT.OL
2008;442605;QFR.OL
2008;2216663;REM.OL
2008;31660;REPANT.OL
2008;1051507;RISH.OL
2008;2678000;SALM.OL
2008;224784;SIT.OL
2008;475595;SKI.OL
2008;121702;SOI.OL
2008;468404;SOLV.OL
2008;216043;SPDE.OL
2008;1278496;SRI.OL
2008;548999;STA.OL
2008;635922;TCO.OL
2008;319980;TELIO.OL
2008;839215;TIDE.OL
2008;199500;VVL.OL
2008;806326;WILS.OL
2008;1150293;WWIB.OL
2009;17867532;ACY.OL
2009;20673300;AKSO.OL
2009;102207129;DNB.OL
2009;4587625;DNO.OL
2009;14806119;FOE.OL
2009;4160165;SONG.OL
2009;12613077;FRO.OL
2009;4830385;GOGL.OL
2009;15125395;MHG.OL
2009;60405768;NHY.OL
2009;58494726;ORK.OL
2009;13167000;PGS.OL
2009;8473171;PRS.OL
2009;29748372;RECSI.OL
2009;14051270;SCH.OL
2009;59071716;SDRL.OL
2009;5344871;SEVAN.OL
2009;17798435;STB.OL
2009;461716101;EQNR.OL
2009;14197812;SUB.OL
2009;134371891;TEL.OL
2009;10905726;TGS.OL
2009;31319974;RCL.OL
2009;6119156;NPRO.OL
2009;76888422;YAR.OL
2009;1041969;ACTA.OL
2009;2241771;AFG.OL
2009;79419;AGI.OL
2009;11688519;AKER.OL
2009;667011;AKS.OL
2009;2687489;ALGETA.OL
2009;197061;APP.OL
2009;2995235;ABG.OL
2009;4776351;ATEA.OL
2009;7318097;AUSS.OL
2009;217455;BELCO.OL
2009;293603;BERGEN.OL
2009;120553;AZT.OL
2009;552533;BLO.OL
2009;6689447;BONHR.OL
2009;362802;BOR.OL
2009;1670692;BWG.OL
2009;3877815;BWO.OL
2009;5180000;CEQ.OL
2009;1342441;CLAVIS.OL
2009;873557;CRUR.OL
2009;254115;COMROD.OL
2009;2726100;COP.OL
2009;172571;CONTX.OL
2009;62015;CRU.OL
2009;1012426;DESSC.OL
2009;3755556;DETNOR.OL
2009;193150;DIAG.OL
2009;3715880;DOCK.OL
2009;3504962;DOF.OL
2009;1387687;ECHEM.OL
2009;2166481;EDBASA.OL
2009;892440;EIOF.OL
2009;4419210;EKO.OL
2009;1060043;ELT.OL
2009;642940;EMGS.OL
2009;296391;EMS.OL
2009;372208;FAIR.OL
2009;324908;FAKTOR.OL
2009;5011500;FAR.OL
2009;197886;FUNCOM.OL
2009;4933111;GOL.OL
2009;5179652;GRO.OL
2009;380022;GRR.OL
2009;1138952;GSF.OL
2009;522088;GTB.OL
2009;1292960;HEX.OL
2009;8051086;HNA.OL
2009;5483397;HNB.OL
2009;1617998;HRG.OL
2009;400271;IGE.OL
2009;178619;IGNIS.OL
2009;860122;IMAREX.OL
2009;1087144;IMSK.OL
2009;290435;INM.OL
2009;400246;ITERA.OL
2009;272250;ITX.OL
2009;89666;JACK.OL
2009;2151561;JIN.OL
2009;650336;KIT.OL
2009;2261631;KOA.OL
2009;10590000;KOG.OL
2009;607978;KVE.OL
2009;5625624;LSG.OL
2009;593826;MAMUT.OL
2009;3934134;NAS.OL
2009;1030675;NAUR.OL
2009;1705432;NEC.OL
2009;1780171;NOD.OL
2009;1454450;NOF.OL
2009;4339564;NOR.OL
2009;101166;NORD.OL
2009;681226;NPEL.OL
2009;1813981;NSG.OL
2009;134997;NUT.OL
2009;3415893;ODF.OL
2009;1053935;ODFB.OL
2009;1403818;ODIM.OL
2009;2403453;OTEC.OL
2009;158328;OPU.OL
2009;346393;ORO.OL
2009;3338304;PAR.OL
2009;384787;PDR.OL
2009;996408;PHO.OL
2009;3177262;PROD.OL
2009;5294652;PRON.OL
2009;255162;PSI.OL
2009;3197213;QEC.OL
2009;1303174;QFR.OL
2009;95224;REPANT.OL
2009;589438;RGT.OL
2009;3180605;RIE.OL
2009;709644;RXT.OL
2009;8093400;SASNO.OL
2009;891969;SBX.OL
2009;1310223;SCI.OL
2009;2188037;SCORE.OL
2009;196582;SIMTRO.OL
2009;3201991;SIOFF.OL
2009;375117;SIT.OL
2009;5146737;SNI.OL
2009;1203523;SPDE.OL
2009;38295;TECO.OL
2009;4155556;TOM.OL
2009;387077;TTS.OL
2009;18476938;TAA.OL
2009;141517;UNISON.OL
2009;6658506;VEI.OL
2009;1599163;VIZ.OL
2009;4496489;WWI.OL
2009;3830075;AFK.OL
2009;128615;EID.OL
2009;349945;GOD.OL
2009;693911;GYL.OL
2009;631668;TIDE.OL
2009;43064;NAM.OL
2009;8196290;OLT.OL
2009;699804;SKI.OL
2009;431425;SOLV.OL
2009;228000;VVL.OL
2009;1597629;WWIB.OL
2009;283272;BMA.OL
2009;116837;HJE.OL
2009;4081769;SOFF.OL
2009;2302994;AIK.OL
2009;409789;DAT.OL
2009;946177;AKBM.OL
2009;1829988;ASD.OL
2009;665499;TCO.OL
2009;737419;KOM.OL
2009;1115959;SRI.OL
2009;143122;DOM.OL
2009;152064;BIRD.OL
2009;424380;MEDI.OL
2009;519437;CECO.OL
2009;483130;BJORGE.OL
2009;107574;NIO.OL
2009;1117226;RISH.OL
2009;738780;WILS.OL
2009;949620;HAVI.OL
2009;179400;AMSC.OL
2009;278008;POWEL.OL
2009;373167;GGG.OL
2009;149917;FARA.OL
2009;10760;DOLP.OL
2009;56453;NAVA.OL
2009;746619;TELIO.OL
2009;163838;IOX.OL
2009;852332;AGR.OL
2009;105600;AKFP.OL
2009;622517;MAFA.OL
2009;46945;COD.OL
2009;344457;AKVA.OL
2009;189445;NEAS.OL
2009;818478;PROT.OL
2009;752103;FOP.OL
2009;312348;MIS.OL
2009;4738000;SALM.OL
2009;708513;NLPR.OL
2009;832159;EOC.OL
2009;1178433;REM.OL
2009;1085675;INFRA.OL
2009;133029;GIPS.OL
2009;1124641;POL.OL
2010;50306504;ACY.OL
2010;27194500;AKSO.OL
2010;133398627;DNB.OL
2010;17193772;FOE.OL
2010;4756257;FRO.OL
2010;29250000;GJF.OL
2010;3710760;GOGL.OL
2010;22057123;MHG.OL
2010;69077790;NHY.OL
2010;58340386;ORK.OL
2010;19787130;PGS.OL
2010;10669067;PRS.OL
2010;1878417;QEC.OL
2010;17739336;RECSI.OL
2010;21474951;RCL.OL
2010;18576622;SCH.OL
2010;71051489;SDRL.OL
2010;3422085;SEVAN.OL
2010;441946488;EQNR.OL
2010;15990000;SFR.OL
2010;19638567;STB.OL
2010;22441703;SUB.OL
2010;157167863;TEL.OL
2010;13608386;TGS.OL
2010;97480772;YAR.OL
2010;597471;ACTA.OL
2010;2844718;AFG.OL
2010;2062312;AIK.OL
2010;1461739;AKBM.OL
2010;10132462;AKER.OL
2010;769432;AKS.OL
2010;5374226;ALGETA.OL
2010;268720;APP.OL
2010;3344747;ABG.OL
2010;5609185;ATEA.OL
2010;10054782;AUSS.OL
2010;4385537;AVM.OL
2010;2418474;BAKKA.OL
2010;180177;BELCO.OL
2010;532261;BERGEN.OL
2010;315921;BIONOR.OL
2010;216502;AZT.OL
2010;81717;BIRD.OL
2010;76312;BLO.OL
2010;7260497;BONHR.OL
2010;409508;BOR.OL
2010;2083451;BWG.OL
2010;11214498;BWO.OL
2010;8325000;CEQ.OL
2010;1220538;CLAVIS.OL
2010;91225;COD.OL
2010;254115;COMROD.OL
2010;3261375;COP.OL
2010;141725;CONTX.OL
2010;536359;CRU.OL
2010;1522366;DESSC.OL
2010;3000000;DETNOR.OL
2010;262129;DIAG.OL
2010;8615202;DNO.OL
2010;3969825;DOCK.OL
2010;4506380;DOF.OL
2010;130041;DOM.OL
2010;1380145;ECHEM.OL
2010;4250690;EDBASA.OL
2010;1145700;EIOF.OL
2010;5892280;EKO.OL
2010;1083087;ELT.OL
2010;1845891;EMGS.OL
2010;319006;EMS.OL
2010;891526;FAIR.OL
2010;370950;FAKTOR.OL
2010;71645;FARA.OL
2010;1801135;FBU.OL
2010;254184;FUNCOM.OL
2010;653831;GOD.OL
2010;6031235;GOL.OL
2010;5518191;GRO.OL
2010;175781;GRR.OL
2010;2088079;GSF.OL
2010;114081;GTB.OL
2010;870415;HEX.OL
2010;8079943;HNA.OL
2010;5523276;HNB.OL
2010;2050865;HRG.OL
2010;343068;IGE.OL
2010;398381;IGNIS.OL
2010;860122;IMAREX.OL
2010;1328355;INFRA.OL
2010;298900;INM.OL
2010;685428;IOX.OL
2010;484000;ITX.OL
2010;1638884;JIN.OL
2010;390893;KIT.OL
2010;1972825;KOA.OL
2010;15960000;KOG.OL
2010;10833608;LSG.OL
2010;570234;MAMUT.OL
2010;3612196;MORPOL.OL
2010;4062367;NAS.OL
2010;1860670;NAUR.OL
2010;853047;NEC.OL
2010;4184668;NOD.OL
2010;2340871;NOF.OL
2010;4471900;NOR.OL
2010;126916;NORD.OL
2010;687490;NPEL.OL
2010;5160477;NPRO.OL
2010;2630747;NSG.OL
2010;3547273;ODF.OL
2010;1138250;ODFB.OL
2010;3467669;OTEC.OL
2010;88965;OPU.OL
2010;440728;ORO.OL
2010;4194591;PAR.OL
2010;104297;PDR.OL
2010;1377155;PEN.OL
2010;1011873;PHO.OL
2010;2827826;PRON.OL
2010;1042273;QFR.OL
2010;60230;REPANT.OL
2010;842985;RGT.OL
2010;3630545;RIE.OL
2010;279429;RXT.OL
2010;6334500;SALM.OL
2010;1010104;SASNO.OL
2010;507198;SBX.OL
2010;1183918;SCI.OL
2010;8452502;SEAW.OL
2010;4293905;SIOFF.OL
2010;9139066;SNI.OL
2010;5266174;SONG.OL
2010;293268;KMCP.OL
2010;38620;TECO.OL
2010;5743179;TOM.OL
2010;567197;TTS.OL
2010;7019509;VEI.OL
2010;1568125;VIZ.OL
2010;277740;WRL.OL
2010;9350000;WWASA.OL
2010;5992217;WWI.OL
2010;3740483;AFK.OL
2010;1888475;AGR.OL
2010;90200;AKFP.OL
2010;277288;AKVA.OL
2010;138000;AMSC.OL
2010;308376;ASD.OL
2010;292714;BMA.OL
2010;604750;BOUV.OL
2010;455011;CECO.OL
2010;533547;DAT.OL
2010;559925;DOLP.OL
2010;932018;EOC.OL
2010;6825000;FAR.OL
2010;1353314;FLOAT.OL
2010;1091079;FOP.OL
2010;361173;GGG.OL
2010;705672;GYL.OL
2010;973560;HAVI.OL
2010;999916;IMSK.OL
2010;250901;ITERA.OL
2010;1089369;KOM.OL
2010;1003010;KVE.OL
2010;471533;MEDI.OL
2010;669078;MIS.OL
2010;39236;NAM.OL
2010;49820;NAVA.OL
2010;134844;NEAS.OL
2010;130278;NIO.OL
2010;850215;NLPR.OL
2010;346555;NOCC.OL
2010;9686524;OLT.OL
2010;1026846;POL.OL
2010;1016636;PROT.OL
2010;165301;PSI.OL
2010;1292478;RISH.OL
2010;103501;SIMTRO.OL
2010;669230;SKI.OL
2010;4384123;SOFF.OL
2010;468404;SOLV.OL
2010;820036;SRI.OL
2010;628323;TELIO.OL
2010;764769;TIDE.OL
2010;218595;VVL.OL
2010;738780;WILS.OL
2010;2017344;WWIB.OL
2011;17248300;AKSO.OL
2011;6190980;ALGETA.OL
2011;6493500;CEQ.OL
2011;95366173;DNB.OL
2011;7104930;DNO.OL
2011;13405540;FOE.OL
2011;855080;FRO.OL
2011;34650000;GJF.OL
2011;21090211;GOL.OL
2011;9260829;MHG.OL
2011;57394012;NHY.OL
2011;45941768;ORK.OL
2011;14255010;PGS.OL
2011;9425109;PRS.OL
2011;12595727;RCL.OL
2011;3310545;RECSI.OL
2011;16081738;SCH.OL
2011;68544186;SDRL.OL
2011;13377000;SFR.OL
2011;13992198;STB.OL
2011;489457330;EQNR.OL
2011;39049104;SUBC.OL
2011;157763793;TEL.OL
2011;13703730;TGS.OL
2011;69037478;YAR.OL
2011;311612;ACTA.OL
2011;3555838;AFG.OL
2011;1283636;AIK.OL
2011;1222893;AKBM.OL
2011;11218083;AKER.OL
2011;5899002;ARCH.OL
2011;1541214;ABG.OL
2011;5991081;ATEA.OL
2011;4257065;AUSS.OL
2011;3711569;AVM.OL
2011;1788205;BAKKA.OL
2011;119290;BELCO.OL
2011;267179;BIONOR.OL
2011;148475;AZT.OL
2011;40744;BLO.OL
2011;4751954;BONHR.OL
2011;295001;BOR.OL
2011;943450;BWG.OL
2011;6501657;BWO.OL
2011;1464212;CLAVIS.OL
2011;117089;COMROD.OL
2011;1959750;COP.OL
2011;87425;CONTX.OL
2011;955019;DESSC.OL
2011;11256589;DETNOR.OL
2011;178356;DIAG.OL
2011;2433730;DOCK.OL
2011;2387604;DOF.OL
2011;812559;DOLP.OL
2011;180484;ECHEM.OL
2011;2606555;EDBASA.OL
2011;892440;EIOF.OL
2011;3609022;EKO.OL
2011;1069919;ELT.OL
2011;2625973;EMGS.OL
2011;115253;EMS.OL
2011;689119;FAIR.OL
2011;1294825;FBU.OL
2011;840955;FUNCOM.OL
2011;510704;GOD.OL
2011;1722853;GOGL.OL
2011;3605444;GRO.OL
2011;483496;GSF.OL
2011;327905;HEX.OL
2011;2444477;HLNG.OL
2011;6694810;HNA.OL
2011;4625993;HNB.OL
2011;1273385;HRG.OL
2011;86201;IGE.OL
2011;259546;IMAREX.OL
2011;791261;IMSK.OL
2011;1315582;INFRA.OL
2011;611392;IOX.OL
2011;435417;ITX.OL
2011;752206;JIN.OL
2011;8456;JSHIP.OL
2011;589814;KOA.OL
2011;13920000;KOG.OL
2011;2622750;KVAER.OL
2011;4584499;LSG.OL
2011;1394476;MORPOL.OL
2011;1927022;NAS.OL
2011;1527468;NAUR.OL
2011;82908;NAVA.OL
2011;193220;NEC.OL
2011;239548;NOCC.OL
2011;2412933;NOD.OL
2011;2013213;NOF.OL
2011;1136308;NOR.OL
2011;55976;NORD.OL
2011;451518;NPEL.OL
2011;3669673;NPRO.OL
2011;858554;NSG.OL
2011;2364849;ODF.OL
2011;748294;ODFB.OL
2011;3479626;OTEC.OL
2011;416878;ORO.OL
2011;66347;OTS.OL
2011;76856;PDR.OL
2011;996820;PEN.OL
2011;742348;PHO.OL
2011;2358527;PRON.OL
2011;139785;PSI.OL
2011;585011;QEC.OL
2011;1106415;QFR.OL
2011;51798;REPANT.OL
2011;100984;RGT.OL
2011;3025454;RIE.OL
2011;84541;RXT.OL
2011;3038500;SALM.OL
2011;358001;SASNO.OL
2011;40226;SBX.OL
2011;332385;SCI.OL
2011;262975;SEVAN.OL
2011;172507;SEVANN.OL
2011;3284739;SIOFF.OL
2011;7696056;SNI.OL
2011;3069140;SONG.OL
2011;271213;KMCP.OL
2011;7789;TECO.OL
2011;5935605;TOM.OL
2011;716792;TTS.OL
2011;5174381;VEI.OL
2011;1275382;VIZ.OL
2011;285668;WRL.OL
2011;6292000;WWASA.OL
2011;4727963;WWI.OL
2011;1578275;WWIB.OL
2011;3718085;AFK.OL
2011;1737397;AGR.OL
2011;63800;AKFP.OL
2011;507876;AKS.OL
2011;213133;AKVA.OL
2011;26772;AMSC.OL
2011;283377;APP.OL
2011;299473;BERGEN.OL
2011;59233;BIRD.OL
2011;277606;BMA.OL
2011;717500;BOUV.OL
2011;106979;COD.OL
2011;263152;DAT.OL
2011;62327;DOM.OL
2011;610250;EOC.OL
2011;5889000;FAR.OL
2011;82060;FARA.OL
2011;820958;FOP.OL
2011;30762;GRR.OL
2011;493970;GYL.OL
2011;738649;HAVI.OL
2011;828547;INM.OL
2011;199057;ITERA.OL
2011;268091;KIT.OL
2011;1643393;KVE.OL
2011;377227;MEDI.OL
2011;36270;NAM.OL
2011;119156;NEAS.OL
2011;127818;NIO.OL
2011;733311;NLPR.OL
2011;296291;NRS.OL
2011;8387891;OLT.OL
2011;1227325;POL.OL
2011;930481;PROT.OL
2011;1226758;RISH.OL
2011;41606;SINO.OL
2011;609781;SKI.OL
2011;3269083;SOFF.OL
2011;451147;SOLV.OL
2011;672912;SRI.OL
2011;355382;SSC.OL
2011;504210;TELIO.OL
2011;464727;TIDE.OL
2011;204250;VVL.OL
2011;633240;WILS.OL
2012;30934600;AKSO.OL
2012;6583218;ALGETA.OL
2012;11608357;DETNOR.OL
2012;114667440;DNB.OL
2012;9531846;DNO.OL
2012;2597374;EMGS.OL
2012;16126665;FOE.OL
2012;39700000;GJF.OL
2012;19191509;MHG.OL
2012;5059832;NAS.OL
2012;57683672;NHY.OL
2012;49418152;ORK.OL
2012;20767230;PGS.OL
2012;10880609;PRS.OL
2012;14594259;RCL.OL
2012;2261786;RECSI.OL
2012;25434851;SCH.OL
2012;60983487;SDRL.OL
2012;1502567;SONG.OL
2012;12066583;STB.OL
2012;443221947;EQNR.OL
2012;46471952;SUBC.OL
2012;175026144;TEL.OL
2012;18772813;TGS.OL
2012;77815949;YAR.OL
2012;4577856;AFG.OL
2012;355392;AGA.OL
2012;1630159;AKBM.OL
2012;15343442;AKER.OL
2012;52440;AMSC.OL
2012;1686632;ARCH.OL
2012;1844149;ABG.OL
2012;6075061;ATEA.OL
2012;5777445;AUSS.OL
2012;175624;AVM.OL
2012;2955913;BAKKA.OL
2012;111088;BELCO.OL
2012;512198;BIONOR.OL
2012;67395;BLO.OL
2012;5547346;BONHR.OL
2012;279475;BOR.OL
2012;2080000;BRG.OL
2012;612091;BRIDGE.OL
2012;1640263;BWG.OL
2012;3543231;BWO.OL
2012;7746875;CEQ.OL
2012;263293;CLAVIS.OL
2012;2398500;COP.OL
2012;91680;CONTX.OL
2012;1260524;DESSC.OL
2012;26213;DIAG.OL
2012;5292123;DOCK.OL
2012;2998386;DOF.OL
2012;2106917;DOLP.OL
2012;90242;ECHEM.OL
2012;994950;EIOF.OL
2012;3406475;EKO.OL
2012;1303655;ELT.OL
2012;96613;EMS.OL
2012;2352583;TIETO.OL
2012;5070000;FAR.OL
2012;652298;FRO.OL
2012;129669;FUNCOM.OL
2012;378962;GOD.OL
2012;1786790;GOGL.OL
2012;4248669;GRO.OL
2012;1379026;GSF.OL
2012;595828;HEX.OL
2012;3256665;HLNG.OL
2012;1260777;HRG.OL
2012;81787;IGE.OL
2012;514862;IMSK.OL
2012;1187856;INFRA.OL
2012;272261;IOX.OL
2012;439131;ITX.OL
2012;600924;JIN.OL
2012;602017;KOA.OL
2012;14940000;KOG.OL
2012;4357800;KVAER.OL
2012;7067769;LSG.OL
2012;982055;MORPOL.OL
2012;2649555;NAUR.OL
2012;34774;NEC.OL
2012;2369889;NOD.OL
2012;1607602;NOF.OL
2012;1348097;NOR.OL
2012;267225;NPEL.OL
2012;4661798;NPRO.OL
2012;752185;NSG.OL
2012;1576566;ODF.OL
2012;478487;ODFB.OL
2012;3778563;OTEC.OL
2012;121200;PDR.OL
2012;633274;PEN.OL
2012;812945;PHO.OL
2012;3367783;PLCS.OL
2012;3715281;PRON.OL
2012;656729;QEC.OL
2012;1298273;QFR.OL
2012;153398;REACH.OL
2012;100984;RGT.OL
2012;5042423;RIE.OL
2012;38266;RXT.OL
2012;5064510;SALM.OL
2012;356964;SASNO.OL
2012;1678406;SBO.OL
2012;273286;SBX.OL
2012;354082;SCI.OL
2012;1062661;SEVAN.OL
2012;1319570;SEVDR.OL
2012;3029030;SIOFF.OL
2012;7375387;SNI.OL
2012;9513940;SRBANK.OL
2012;294141;KMCP.OL
2012;7438009;TOM.OL
2012;814093;TTS.OL
2012;5883017;VEI.OL
2012;1323572;VIZ.OL
2012;728918;VPOS.OL
2012;280513;WRL.OL
2012;10934000;WWASA.OL
2012;5455342;WWI.OL
2012;1863077;WWIB.OL
2012;3695687;AFK.OL
2012;1196034;AGR.OL
2012;497719;AKS.OL
2012;322929;AKVA.OL
2012;317578;APP.OL
2012;348577;BERGEN.OL
2012;170460;AZT.OL
2012;78187;BIRD.OL
2012;220983;BMA.OL
2012;666250;BOUV.OL
2012;24829;COD.OL
2012;79485;COMROD.OL
2012;275706;DAT.OL
2012;66175;DOM.OL
2012;332864;EOC.OL
2012;110465;FARA.OL
2012;910998;FOP.OL
2012;488090;GYL.OL
2012;739712;HAVI.OL
2012;5263506;HNA.OL
2012;3613060;HNB.OL
2012;67301;IMAREX.OL
2012;155333;ITERA.OL
2012;3624;JSHIP.OL
2012;352842;KIT.OL
2012;371568;MEDI.OL
2012;55505;NAM.OL
2012;93935;NAVA.OL
2012;397803;NIO.OL
2012;1000389;NLPR.OL
2012;411774;NOCC.OL
2012;11755;NORD.OL
2012;666655;NRS.OL
2012;9473633;OLT.OL
2012;56546;OTS.OL
2012;1197987;POL.OL
2012;1154485;PROT.OL
2012;186823;PSI.OL
2012;49991;REPANT.OL
2012;1533448;RISH.OL
2012;49659;SINO.OL
2012;609781;SKI.OL
2012;3868738;SOFF.OL
2012;468404;SOLV.OL
2012;1306697;SPU.OL
2012;397093;SSC.OL
2012;694618;SSI.OL
2012;492575;TELIO.OL
2012;349673;TIDE.OL
2012;185345;VVL.OL
2012;591024;WILS.OL
2013;29701600;AKSO.OL
2013;15760285;ALGETA.OL
2013;9385181;DETNOR.OL
2013;176724676;DNB.OL
2013;24763358;DNO.OL
2013;16466805;FOE.OL
2013;57850000;GJF.OL
2013;6503187;GOGL.OL
2013;30306397;MHG.OL
2013;6617515;NAS.OL
2013;56007783;NHY.OL
2013;10973309;OTEC.OL
2013;48215814;ORK.OL
2013;15561810;PGS.OL
2013;11043539;PRS.OL
2013;21005042;RCL.OL
2013;5650345;RECSI.OL
2013;43331050;SCH.OL
2013;63523286;SDRL.OL
2013;17051585;STB.OL
2013;468731124;EQNR.OL
2013;40843252;SUBC.OL
2013;219303870;TEL.OL
2013;16646293;TGS.OL
2013;72688738;YAR.OL
2013;5578059;AFG.OL
2013;548794;AGA.OL
2013;540063;AGR.OL
2013;16067190;AKER.OL
2013;360389;AKVA.OL
2013;2531770;AMSC.OL
2013;320615;AQUA.OL
2013;2878424;ARCH.OL
2013;2386998;ABG.OL
2013;617574;ASTK.OL
2013;6165066;ATEA.OL
2013;7196467;AUSS.OL
2013;33725;AVM.OL
2013;4641516;BAKKA.OL
2013;310156;BELCO.OL
2013;605215;BIONOR.OL
2013;401810;AZT.OL
2013;209254;BIRD.OL
2013;92650;BLO.OL
2013;5241426;BONHR.OL
2013;247712;BOR.OL
2013;3020000;BRG.OL
2013;1565396;BWG.OL
2013;7869961;BWLPG.OL
2013;4988044;BWO.OL
2013;9990000;CEQ.OL
2013;4808700;COP.OL
2013;108315;CONTX.OL
2013;1456408;DESSC.OL
2013;17952;DIAG.OL
2013;3520328;DOF.OL
2013;1604999;DOLP.OL
2013;81782;ECHEM.OL
2013;1040175;EIOF.OL
2013;3029000;EKO.OL
2013;2340654;ELT.OL
2013;1571950;EMGS.OL
2013;642427;EOC.OL
2013;2657349;TIETO.OL
2013;5187000;FAR.OL
2013;936217;FRO.OL
2013;174222;FUNCOM.OL
2013;517210;GOD.OL
2013;4316377;GRO.OL
2013;2735719;GSF.OL
2013;4305424;HEX.OL
2013;3340888;HLNG.OL
2013;1458299;HRG.OL
2013;256076;IMSK.OL
2013;932403;INFRA.OL
2013;501287;IOX.OL
2013;197105;ITX.OL
2013;2420506;JIN.OL
2013;2351120;KOA.OL
2013;15300000;KOG.OL
2013;3093500;KVAER.OL
2013;9660194;LSG.OL
2013;203188;NAUR.OL
2013;107677;NAVA.OL
2013;99343;NEC.OL
2013;54525;NMG.OL
2013;414196;NOCC.OL
2013;4527305;NOD.OL
2013;1546392;NOF.OL
2013;271219;NOR.OL
2013;3987208;NPRO.OL
2013;1612171;NRS.OL
2013;900342;NSG.OL
2013;4642288;OCY.OL
2013;2693300;ODF.OL
2013;832609;ODFB.OL
2013;7260000;ODL.OL
2013;116597;OTS.OL
2013;715365;PEN.OL
2013;549808;PHO.OL
2013;2378867;PLCS.OL
2013;1654188;PROT.OL
2013;249393;PSI.OL
2013;1485639;QEC.OL
2013;951614;QFR.OL
2013;3360000;RECSOL.OL
2013;75738;RGT.OL
2013;8384200;SALM.OL
2013;821620;SASNO.OL
2013;1659653;SBO.OL
2013;149144;SBX.OL
2013;143476;SCI.OL
2013;1315175;SEVAN.OL
2013;2943386;SEVDR.OL
2013;3757626;SIOFF.OL
2013;10710344;SNI.OL
2013;4661829;SOFF.OL
2013;2717868;SONG.OL
2013;1558061;SPU.OL
2013;15409003;SRBANK.OL
2013;334514;KMCP.OL
2013;987207;TELIO.OL
2013;8363134;TOM.OL
2013;536955;TTS.OL
2013;6524801;VEI.OL
2013;1719885;VIZ.OL
2013;1235847;VPOS.OL
2013;2527982;WBULK.OL
2013;761670;WRL.OL
2013;12485000;WWASA.OL
2013;6996693;WWI.OL
2013;3583696;AFK.OL
2013;240219;APP.OL
2013;209752;BERGEN.OL
2013;186952;BMA.OL
2013;912250;BOUV.OL
2013;99778;COMROD.OL
2013;387334;DAT.OL
2013;62712;DOM.OL
2013;91427;EMS.OL
2013;987268;FOP.OL
2013;557481;GYL.OL
2013;980837;HAVI.OL
2013;994591;HFISK.OL
2013;5332762;HNA.OL
2013;3708770;HNB.OL
2013;228479;ITERA.OL
2013;313061;KIT.OL
2013;433810;MEDI.OL
2013;312607;NAM.OL
2013;227164;NIO.OL
2013;11389649;OLT.OL
2013;163143;PDR.OL
2013;1242740;POL.OL
2013;254326;REACH.OL
2013;60230;REPANT.OL
2013;1796325;RISH.OL
2013;577508;SKI.OL
2013;493057;SOLV.OL
2013;679063;SSC.OL
2013;684971;SSI.OL
2013;314706;TIDE.OL
2013;194750;VVL.OL
2013;595246;WILS.OL
2013;2397080;WWIB.OL
2013;152250;ATLA.OL
2013;299315;NAPA.OL
2014;5918400;AKAST.OL
2014;11303444;AKSO.OL
2014;7140882;BWLPG.OL
2014;8078404;DETNOR.OL
2014;180308034;DNB.OL
2014;16352002;DNO.OL
2014;4545212;FOE.OL
2014;61000000;GJF.OL
2014;2120270;GOGL.OL
2014;42227871;MHG.OL
2014;9711783;NAS.OL
2014;87808287;NHY.OL
2014;13604153;OTEC.OL
2014;52118319;ORK.OL
2014;9221652;PGS.OL
2014;34736443;RCL.OL
2014;4127853;RECSI.OL
2014;51161312;SCH.OL
2014;18361368;SDRL.OL
2014;13137369;STB.OL
2014;418350500;EQNR.OL
2014;25427389;SUBC.OL
2014;227470892;TEL.OL
2014;16684899;TGS.OL
2014;92204831;YAR.OL
2014;7009267;AFG.OL
2014;294236;AGA.OL
2014;11905643;AKER.OL
2014;645858;AKVA.OL
2014;2273119;AMSC.OL
2014;326089;AQUA.OL
2014;2339806;ARCH.OL
2014;2230736;ABG.OL
2014;8020949;ATEA.OL
2014;9426358;AUSS.OL
2014;3598353;AGAS.OL
2014;29685;AVM.OL
2014;8183726;BAKKA.OL
2014;189408;BELCO.OL
2014;576117;BIONOR.OL
2014;772134;AZT.OL
2014;167676;BIRD.OL
2014;2987817;BONHR.OL
2014;246863;BOR.OL
2014;5550000;BRG.OL
2014;5166925;BWO.OL
2014;169435;CONTX.OL
2014;1381733;DESSC.OL
2014;1660218;DOF.OL
2014;1001598;DOLP.OL
2014;71065;ECHEM.OL
2014;738675;EIOF.OL
2014;3498542;EKO.OL
2014;3818789;ELT.OL
2014;1235480;EMAS.OL
2014;803058;EMGS.OL
2014;14055533;ENTRA.OL
2014;4250690;TIETO.OL
2014;1979250;FAR.OL
2014;986731;FRO.OL
2014;182699;FUNCOM.OL
2014;390347;GOD.OL
2014;2420556;GRO.OL
2014;3182367;GSF.OL
2014;3039123;HEX.OL
2014;1286619;HFISK.OL
2014;5749179;HLNG.OL
2014;5829102;HNA.OL
2014;4067684;HNB.OL
2014;2920801;HRG.OL
2014;597000;HYARD.OL
2014;121941;IMSK.OL
2014;40305;IOX.OL
2014;238359;ITX.OL
2014;1012746;JIN.OL
2014;2342984;KOA.OL
2014;14760000;KOG.OL
2014;2391410;KVAER.OL
2014;14899621;LSG.OL
2014;45630;NAUR.OL
2014;102745;NAVA.OL
2014;510629;NEL.OL
2014;259159;NIO.OL
2014;128949;NMG.OL
2014;7714396;NOD.OL
2014;680924;NOF.OL
2014;56758;NOR.OL
2014;5539313;NPRO.OL
2014;2821299;NRS.OL
2014;729391;NSG.OL
2014;5904453;OCY.OL
2014;1891879;ODF.OL
2014;552262;ODFB.OL
2014;2660000;ODL.OL
2014;13358888;OLT.OL
2014;168386;OTS.OL
2014;186566;PDR.OL
2014;379964;PEN.OL
2014;588316;PHO.OL
2014;421983;PLCS.OL
2014;3325606;PROT.OL
2014;5427380;PRS.OL
2014;522728;QEC.OL
2014;687981;QFR.OL
2014;558552;RAKP.OL
2014;243971;REACH.OL
2014;4080000;RECSOL.OL
2014;590229;RGT.OL
2014;14445750;SALM.OL
2014;753199;SASNO.OL
2014;1884690;SBO.OL
2014;54702;SBX.OL
2014;64602;SCI.OL
2014;1052140;SEVAN.OL
2014;636247;SEVDR.OL
2014;1573141;SIOFF.OL
2014;8016725;SNI.OL
2014;3056303;SOFF.OL
2014;1293391;SONG.OL
2014;1264374;SPU.OL
2014;13426932;SRBANK.OL
2014;817545;SSC.OL
2014;2861395;SCATC.OL
2014;240312;KMCP.OL
2014;989535;TELIO.OL
2014;3372248;TIL.OL
2014;8511154;TOM.OL
2014;411377;TTS.OL
2014;854413;VARDIA.OL
2014;9860739;VEI.OL
2014;2407784;VIZ.OL
2014;226100;VVL.OL
2014;701515;WBULK.OL
2014;1189953;WEIFA.OL
2014;528641;WRL.OL
2014;10120000;WWASA.OL
2014;5888306;WWI.OL
2014;1946144;WWIB.OL
2014;10146013;XXL.OL
2014;522092;ZAL.OL
2014;4255639;AFK.OL
2014;36004;AGR.OL
2014;171003;APP.OL
2014;282745;ASTK.OL
2014;29211;ATLANOK.OL
2014;116394;BERGEN.OL
2014;135954;BLO.OL
2014;286395;BMA.OL
2014;779000;BOUV.OL
2014;631199;DAT.OL
2014;482209;GYL.OL
2014;585484;HAVI.OL
2014;246560;ITERA.OL
2014;290576;KIT.OL
2014;504277;MEDI.OL
2014;162426;NAPA.OL
2014;443814;NTS.OL
2014;1027462;POL.OL
2014;321726;PSI.OL
2014;1302452;RENO.OL
2014;31922;REPANT.OL
2014;1358197;RISH.OL
2014;611479;SKI.OL
2014;554689;SOLV.OL
2014;561966;SSI.OL
2014;331625;TIDE.OL
2014;580470;WILS.OL
2015;4021689;AGAS.OL
2015;12791041;BAKKA.OL
2015;9949276;BWLPG.OL
2015;11194678;DETNOR.OL
2015;178842115;DNB.OL
2015;6529980;DNO.OL
2015;16939321;FRO.OL
2015;71050000;GJF.OL
2015;53830244;MHG.OL
2015;11575395;NAS.OL
2015;68545913;NHY.OL
2015;7068806;NOD.OL
2015;7361904;OTEC.OL
2015;71427061;ORK.OL
2015;8708733;PGS.OL
2015;4561067;RECSI.OL
2015;31558656;SCHA.OL
2015;33514602;SCHB.OL
2015;5799723;SDRL.OL
2015;15724351;STB.OL
2015;394435647;EQNR.OL
2015;20640496;SUBC.OL
2015;222666226;TEL.OL
2015;14442029;TGS.OL
2015;105329422;YAR.OL
2015;12928860;AFG.OL
2015;465161;AGA.OL
2015;3288000;AKAST.OL
2015;12188785;AKER.OL
2015;8242945;AKSO.OL
2015;1395052;AKVA.OL
2015;1606337;AMSC.OL
2015;167062;AQUA.OL
2015;359077;ARCH.OL
2015;3086030;ABG.OL
2015;456504;ASTK.OL
2015;7730047;ATEA.OL
2015;10946738;AUSS.OL
2015;17762;AVM.OL
2015;113645;BELCO.OL
2015;62441;BERGEN.OL
2015;401389;BIONOR.OL
2015;566886;AZT.OL
2015;34551;BIRD.OL
2015;2161833;BONHR.OL
2015;217172;BOR.OL
2015;4940000;BRG.OL
2015;1768175;BWO.OL
2015;202703;CONTX.OL
2015;412692;DESSC.OL
2015;497510;DOF.OL
2015;288837;EIOF.OL
2015;3664262;EKO.OL
2015;446000;EMGS.OL
2015;13090938;ENTRA.OL
2015;7179662;EPR.OL
2015;592800;FAR.OL
2015;2294281;FOE.OL
2015;91286;FUNCOM.OL
2015;928924;GIG.OL
2015;245919;GOD.OL
2015;1345346;GOGL.OL
2015;1574208;GRO.OL
2015;3461522;GSF.OL
2015;78165;HAVI.OL
2015;3052452;HEX.OL
2015;2387018;HFISK.OL
2015;7241155;HLNG.OL
2015;6867952;HNA.OL
2015;4685812;HNB.OL
2015;5602149;IDEX.OL
2015;52823;IMSK.OL
2015;155257;IOX.OL
2015;61422;ITX.OL
2015;580753;JIN.OL
2015;1239677;KID.OL
2015;674550;KIT.OL
2015;2534165;KOA.OL
2015;17400000;KOG.OL
2015;2211180;KVAER.OL
2015;18010531;LSG.OL
2015;2834914;MULTI.OL
2015;627718;NANOV.OL
2015;101589;NAVA.OL
2015;3266886;NEL.OL
2015;1448433;NEXT.OL
2015;786971;NGT.OL
2015;1193229;NMG.OL
2015;184463;NOR.OL
2015;4985382;NPRO.OL
2015;1956891;NRC.OL
2015;3485775;NRS.OL
2015;505255;NSG.OL
2015;9222057;OCY.OL
2015;1859034;ODF.OL
2015;558586;ODFB.OL
2015;990000;ODL.OL
2015;15115235;OLT.OL
2015;171218;PEN.OL
2015;899857;PHO.OL
2015;107840;PLCS.OL
2015;6353976;PROT.OL
2015;5450978;PRS.OL
2015;243420;QEC.OL
2015;683188;QFR.OL
2015;42098641;RCL.OL
2015;940054;RENO.OL
2015;17561500;SALM.OL
2015;1345950;SASNO.OL
2015;2578556;SBO.OL
2015;46901;SBX.OL
2015;76333;SCI.OL
2015;910101;SEVAN.OL
2015;103465;SEVDR.OL
2015;1178830;SIOFF.OL
2015;5209072;SKBN.OL
2015;6766115;SNI.OL
2015;793091;SOFF.OL
2015;856434;SONG.OL
2015;1469850;SPU.OL
2015;10051018;SRBANK.OL
2015;3658833;SCATC.OL
2015;627921;STRO.OL
2015;2110424;ENSU.OL
2015;4171770;TIL.OL
2015;14135917;TOM.OL
2015;730023;VARDIA.OL
2015;14506986;VEI.OL
2015;231800;VVL.OL
2015;224358;WBULK.OL
2015;857094;WEIFA.OL
2015;652710;WRL.OL
2015;7766000;WWASA.OL
2015;4624052;WWI.OL
2015;1536742;WWIB.OL
2015;14128237;XXL.OL
2015;684649;ZAL.OL
2015;4658805;AFK.OL
2015;126217;APP.OL
2015;2394;ATLANOK.OL
2015;596655;BMA.OL
2015;1004500;BOUV.OL
2015;650913;DAT.OL
2015;395705;EMAS.OL
2015;564538;GYL.OL
2015;140802;HYARD.OL
2015;287653;ITERA.OL
2015;985632;MEDI.OL
2015;346393;NAPA.OL
2015;674210;NTS.OL
2015;109495;OTS.OL
2015;130732;PDR.OL
2015;944287;POL.OL
2015;1132714;RAKP.OL
2015;114362;REACH.OL
2015;350064;RISH.OL
2015;643752;SKI.OL
2015;786426;SOLV.OL
2015;897758;SSC.OL
2015;553943;SSI.OL
2015;193546;KMCP.OL
2015;2638749;TEAM.OL
2015;466983;TIDE.OL
2015;241630;TTS.OL
2015;295934;WILS.OL
2016;52180377;AKRBP.OL
2016;11254476;AKSO.OL
2016;16748545;BAKKA.OL
2016;5156644;BWLPG.OL
2016;209137774;DNB.OL
2016;9190744;DNO.OL
2016;10528178;FRO.OL
2016;68500000;GJF.OL
2016;9122785;GSF.OL
2016;28662672;LSG.OL
2016;70078336;MHG.OL
2016;10263016;NAS.OL
2016;85449629;NHY.OL
2016;79680402;ORK.OL
2016;9886536;PGS.OL
2016;2899953;RECSI.OL
2016;29242730;SALM.OL
2016;21395516;SCHA.OL
2016;5590648;SDRL.OL
2016;20659862;STB.OL
2016;514015827;EQNR.OL
2016;35781225;SUBC.OL
2016;193688086;TEL.OL
2016;19579469;TGS.OL
2016;92894062;YAR.OL
2016;14462745;AFG.OL
2016;4438800;AKAST.OL
2016;24005961;AKER.OL
2016;2170081;AKVA.OL
2016;1472981;AMSC.OL
2016;169173;AQUA.OL
2016;732879;ARCH.OL
2016;2325491;ABG.OL
2016;1360030;ASTK.OL
2016;8408689;ATEA.OL
2016;5939;ATLANOK.OL
2016;16977580;AUSS.OL
2016;1709991;AGAS.OL
2016;45959;AVM.OL
2016;3250195;ACR.OL
2016;5647545;B2H.OL
2016;187987;BELCO.OL
2016;496575;AZT.OL
2016;3072929;BONHR.OL
2016;197660;BOR.OL
2016;8450000;BRG.OL
2016;5123290;BWO.OL
2016;382969;CONTX.OL
2016;900887;DAT.OL
2016;404949;DESSC.OL
2016;1606414;DOF.OL
2016;185423;EIOF.OL
2016;3922049;EKO.OL
2016;282030;EMGS.OL
2016;15755059;ENTRA.OL
2016;6161152;EPR.OL
2016;154830;FAR.OL
2016;2114207;FOE.OL
2016;411315;FUNCOM.OL
2016;2537524;GIG.OL
2016;160133;GOD.OL
2016;4003034;GOGL.OL
2016;40139;HAVI.OL
2016;4482290;HEX.OL
2016;224283;HIDDN.OL
2016;7419312;HLNG.OL
2016;10879066;HNA.OL
2016;7577058;HNB.OL
2016;230217;HYARD.OL
2016;3731124;IDEX.OL
2016;144066;INC.OL
2016;304997;INSR.OL
2016;389436;IOX.OL
2016;63172;ITX.OL
2016;746323;JIN.OL
2016;1300645;KID.OL
2016;1062441;KIT.OL
2016;2306375;KOA.OL
2016;14940000;KOG.OL
2016;3254900;KVAER.OL
2016;1819080;LINK.OL
2016;1347794;MEDI.OL
2016;2743041;MULTI.OL
2016;4738294;NANOV.OL
2016;544305;NAPA.OL
2016;142367;NAVA.OL
2016;1387867;NEL.OL
2016;2000985;NEXT.OL
2016;654257;NGT.OL
2016;5738204;NOD.OL
2016;13282673;NOFI.OL
2016;1606956;NOR.OL
2016;5478984;NPRO.OL
2016;2635228;NRC.OL
2016;9019444;NRS.OL
2016;792346;NSG.OL
2016;9642843;OCY.OL
2016;1905017;ODF.OL
2016;590204;ODFB.OL
2016;3438148;ODL.OL
2016;17031251;OLT.OL
2016;5575508;OTEC.OL
2016;53860;OTS.OL
2016;2227548;PARB.OL
2016;272439;PEN.OL
2016;905432;PHO.OL
2016;244018;PLCS.OL
2016;5923198;PROT.OL
2016;2641763;PRS.OL
2016;1328744;QEC.OL
2016;703081;QFR.OL
2016;138420;RENO.OL
2016;603206;SASNO.OL
2016;3750628;SBO.OL
2016;53645;SBX.OL
2016;21741128;SCHB.OL
2016;163226;SEVDR.OL
2016;7483381;SKBN.OL
2016;6798182;SNI.OL
2016;812905;SOFF.OL
2016;1448375;SOLON.OL
2016;3543082;SONG.OL
2016;1496575;SPU.OL
2016;15536878;SRBANK.OL
2016;1857430;SSC.OL
2016;3611925;SCATC.OL
2016;714454;STRO.OL
2016;634324;TECH.OL
2016;2989338;ENSU.OL
2016;645203;TIDE.OL
2016;1093088;TIL.OL
2016;13395817;TOM.OL
2016;3674000;TRE.OL
2016;327369;TTS.OL
2016;16512560;VEI.OL
2016;223250;VVL.OL
2016;930038;WEIFA.OL
2016;564551;WRL.OL
2016;7436000;WWASA.OL
2016;6858144;WWI.OL
2016;2308079;WWIB.OL
2016;13574188;XXL.OL
2016;627276;ZAL.OL
2016;6629838;AFK.OL
2016;65958;APP.OL
2016;3027035;ARCUS.OL
2016;117000;BERGEN.OL
2016;524460;BMA.OL
2016;1414500;BOUV.OL
2016;1153912;CXENSE.OL
2016;360532;EMAS.OL
2016;599821;GYL.OL
2016;62845;IMSK.OL
2016;427370;ITERA.OL
2016;722714;NTS.OL
2016;112756;PDR.OL
2016;684975;POL.OL
2016;1446986;RAKP.OL
2016;173358;REACH.OL
2016;473178;RISH.OL
2016;889058;SEVAN.OL
2016;1557740;SIOFF.OL
2016;178257;SKI.OL
2016;183594;SOFFB.OL
2016;665627;SOLV.OL
2016;675476;SSI.OL
2016;91728;KMCP.OL
2016;2224088;TEAM.OL
2016;287069;WILS.OL
2017;72706917;AKRBP.OL
2017;12565730;AKSO.OL
2017;16987949;BAKKA.OL
2017;5484523;BWLPG.OL
2017;247740307;DNB.OL
2017;10296235;DNO.OL
2017;77450000;GJF.OL
2017;7410122;GOGL.OL
2017;8067580;GSF.OL
2017;26202126;LSG.OL
2017;68133321;MHG.OL
2017;6293696;NAS.OL
2017;129002043;NHY.OL
2017;17175379;NOFI.OL
2017;88697941;ORK.OL
2017;5637357;PGS.OL
2017;2013689;QEC.OL
2017;27962440;SALM.OL
2017;25337648;SCHA.OL
2017;31296755;STB.OL
2017;582219008;EQNR.OL
2017;40266155;SUBC.OL
2017;264106467;TEL.OL
2017;19875572;TGS.OL
2017;102921157;YAR.OL
2017;13077794;AFG.OL
2017;4493600;AKAST.OL
2017;29951710;AKER.OL
2017;1795484;AKVA.OL
2017;1448734;AMSC.OL
2017;78173;APP.OL
2017;1480183;ARCH.OL
2017;3163081;ARCUS.OL
2017;2800945;ABG.OL
2017;2684640;ASTK.OL
2017;12425715;ATEA.OL
2017;13835461;AUSS.OL
2017;1509955;AGAS.OL
2017;17652;AVM.OL
2017;4352323;ACR.OL
2017;7722980;B2H.OL
2017;16548921;BORR.OL
2017;228237;BELCO.OL
2017;177580;BERGEN.OL
2017;1033390;BGBIO.OL
2017;294429;AZT.OL
2017;3817237;BONHR.OL
2017;179845;BOR.OL
2017;8150000;BRG.OL
2017;6621436;BWO.OL
2017;444863;CONTX.OL
2017;1078136;CRAYN.OL
2017;528523;CXENSE.OL
2017;1229324;DAT.OL
2017;1582434;DOF.OL
2017;256878;EIOF.OL
2017;4371819;EKO.OL
2017;278972;ELE.OL
2017;410516;EMGS.OL
2017;22415360;ENTRA.OL
2017;5576761;EPR.OL
2017;12051198;TIETO.OL
2017;4380000;FJORD.OL
2017;4765242;FLNG.OL
2017;1467273;FOE.OL
2017;4589941;FRO.OL
2017;868958;FUNCOM.OL
2017;4415585;GIG.OL
2017;149381;GOD.OL
2017;226891;HAVI.OL
2017;4582266;HEX.OL
2017;155913;HIDDN.OL
2017;5020908;HLNG.OL
2017;265158;HYARD.OL
2017;2798697;IDEX.OL
2017;60949;IMSK.OL
2017;120413;INC.OL
2017;642147;INFRO.OL
2017;956359;INSR.OL
2017;188896;IOX.OL
2017;957108;JIN.OL
2017;1808710;KID.OL
2017;1231586;KIT.OL
2017;4779526;KOA.OL
2017;18120000;KOG.OL
2017;3256232;KOMP.OL
2017;4250200;KVAER.OL
2017;2061648;LINK.OL
2017;1995809;MULTI.OL
2017;3972597;NANOV.OL
2017;417859;NAPA.OL
2017;111937;NAVA.OL
2017;3335708;NEL.OL
2017;974758;NEXT.OL
2017;6866227;NOD.OL
2017;2072082;NOR.OL
2017;5813536;NPRO.OL
2017;2603163;NRC.OL
2017;5860460;NRS.OL
2017;55799;NSG.OL
2017;10310425;OCY.OL
2017;2095519;ODF.OL
2017;649224;ODFB.OL
2017;7253897;ODL.OL
2017;17350587;OLT.OL
2017;3916309;OTEC.OL
2017;45574;OTS.OL
2017;2315478;PARB.OL
2017;263514;PEN.OL
2017;588531;PHO.OL
2017;216348;PLCS.OL
2017;7754004;PROT.OL
2017;968710;PRS.OL
2017;718249;QFR.OL
2017;1711284;RAKP.OL
2017;315127;REACH.OL
2017;3510470;RECSI.OL
2017;1700000;SAFE.OL
2017;914775;SASNO.OL
2017;8656416;SBANK.OL
2017;3178657;SBO.OL
2017;16087;SBX.OL
2017;28489193;SCHB.OL
2017;369870;SDRL.OL
2017;708010;SDSD.OL
2017;749650;SEVAN.OL
2017;39246;SEVDR.OL
2017;6990584;SNI.OL
2017;1760855;SOFF.OL
2017;1229452;SOLON.OL
2017;8343707;SONG.OL
2017;2096290;SPU.OL
2017;22250344;SRBANK.OL
2017;1547858;SSC.OL
2017;1070081;SSG.OL
2017;5159812;SCATC.OL
2017;490355;STRO.OL
2017;489943;TECH.OL
2017;2906242;ENSU.OL
2017;19464640;TOM.OL
2017;3168000;TRE.OL
2017;873324;TRVX.OL
2017;363744;TTS.OL
2017;12401133;VEI.OL
2017;233700;VVL.OL
2017;544546;WRL.OL
2017;701142;WSTEP.OL
2017;8572680;WWI.OL
2017;2913283;WWIB.OL
2017;25068968;WWL.OL
2017;11773530;XXL.OL
2017;1126887;ZAL.OL
2017;7057641;AFK.OL
2017;160714;AQUA.OL
2017;4285;ATLANOK.OL
2017;655128;BMA.OL
2017;2091000;BOUV.OL
2017;136299;EMAS.OL
2017;917374;GYL.OL
2017;586812;ITERA.OL
2017;1324873;MEDI.OL
2017;414441;NGT.OL
2017;3150354;NTS.OL
2017;134395;PDR.OL
2017;910038;POL.OL
2017;394315;RISH.OL
2017;1705059;SIOFF.OL
2017;811078;SOLV.OL
2017;59192;KMCP.OL
2017;1701993;TEAM.OL
2017;515035;WILS.OL
2018;34336700;AKER.OL
2018;78504745;AKRBP.OL
2018;10789280;AKSO.OL
2018;20676733;BAKKA.OL
2018;5853868;BWO.OL
2018;221643286;DNB.OL
2018;13601868;DNO.OL
2018;613478999;EQNR.OL
2018;67600000;GJF.OL
2018;6184427;GOGL.OL
2018;11423023;GSF.OL
2018;39285316;LSG.OL
2018;94280457;MOWI.OL
2018;7881058;NAS.OL
2018;5137926;NEL.OL
2018;81125422;NHY.OL
2018;69328063;ORK.OL
2018;3998630;PGS.OL
2018;48492400;SALM.OL
2018;31321048;SCHA.OL
2018;28836054;STB.OL
2018;27590500;SUBC.OL
2018;246469220;TEL.OL
2018;21432859;TGS.OL
2018;91118146;YAR.OL
2018;13069212;AFG.OL
2018;7077800;AFK.OL
2018;3578440;AKAST.OL
2018;2266733;AKVA.OL
2018;2018530;AMSC.OL
2018;88419;APP.OL
2018;175094;AQUA.OL
2018;640722;ARCH.OL
2018;2788953;ARCUS.OL
2018;2141899;ABG.OL
2018;1046865;ASTK.OL
2018;12064647;ATEA.OL
2018;21650216;AUSS.OL
2018;797566;AGAS.OL
2018;1372882;AWDR.OL
2018;2890211;ACR.OL
2018;5031101;B2H.OL
2018;11398503;BORR.OL
2018;115609;BERGEN.OL
2018;1460796;BGBIO.OL
2018;170138;AZT.OL
2018;3980985;BONHR.OL
2018;55650;BOR.OL
2018;2009000;BOUV.OL
2018;7480000;BRG.OL
2018;3703188;BWLPG.OL
2018;427069;CONTX.OL
2018;1207814;CRAYN.OL
2018;233597;CXENSE.OL
2018;1312136;DAT.OL
2018;86836;DDASA.OL
2018;938361;DOF.OL
2018;284647;EIOF.OL
2018;81046;ELE.OL
2018;12902183;ELK.OL
2018;170261;EMGS.OL
2018;21165980;ENTRA.OL
2018;3865330;EPR.OL
2018;11661851;TIETO.OL
2018;4300000;FJORD.OL
2018;3552871;FKRFT.OL
2018;6681341;FLNG.OL
2018;6407621;FRO.OL
2018;916413;FUNCOM.OL
2018;2051053;GIG.OL
2018;81790;HAVI.OL
2018;4074051;HEX.OL
2018;100917;HIDDN.OL
2018;2947491;HLNG.OL
2018;242855;HYARD.OL
2018;1651995;IDEX.OL
2018;1144937;INSR.OL
2018;177898;IOX.OL
2018;690368;ITERA.OL
2018;822720;JIN.OL
2018;1463226;KID.OL
2018;1532876;KIT.OL
2018;3422954;KOA.OL
2018;21166832;KOG.OL
2018;2176173;KOMP.OL
2018;3244140;KVAER.OL
2018;2578142;MPCC.OL
2018;2756237;MSEIS.OL
2018;1634406;MULTI.OL
2018;2520978;NANOV.OL
2018;83320;NAPA.OL
2018;133672;NAVA.OL
2018;544056;NEXT.OL
2018;5195688;NOD.OL
2018;5463844;NODL.OL
2018;12512374;NOFI.OL
2018;1654788;NOR.OL
2018;5813536;NPRO.OL
2018;3125865;NRC.OL
2018;7799422;NRS.OL
2018;9433605;OCY.OL
2018;1937862;ODF.OL
2018;598635;ODFB.OL
2018;4901412;ODL.OL
2018;14902345;OLT.OL
2018;1859921;OTEC.OL
2018;287485;OTS.OL
2018;1981345;PARB.OL
2018;977437;PCIB.OL
2018;748651;PEN.OL
2018;1045392;PHO.OL
2018;516869;PLCS.OL
2018;4118238;PROT.OL
2018;1100815;PRS.OL
2018;521767;QEC.OL
2018;1915284;RAKP.OL
2018;333027;REACH.OL
2018;1500853;RECSI.OL
2018;5397480;SACAM.OL
2018;138388;SASNO.OL
2018;8015200;SBANK.OL
2018;1159763;SBLKR.OL
2018;3792822;SBO.OL
2018;376661;SBX.OL
2018;34304648;SCHB.OL
2018;1327278;SDRL.OL
2018;592155;SDSD.OL
2018;4838957;SHLF.OL
2018;6541647;SNI.OL
2018;501436;SOFF.OL
2018;2267145;SOLON.OL
2018;1999656;SPU.OL
2018;22812997;SRBANK.OL
2018;2949243;SSC.OL
2018;8369837;SCATC.OL
2018;394947;STRO.OL
2018;524888;TECH.OL
2018;876560;ENSU.OL
2018;28834311;TOM.OL
2018;2552000;TRE.OL
2018;367789;TRVX.OL
2018;12956009;VEI.OL
2018;327263;VISTN.OL
2018;256500;VVL.OL
2018;12566217;WALWIL.OL
2018;368318;WEN.OL
2018;5567379;WWI.OL
2018;1886810;WWIB.OL
2018;3630408;XXL.OL
2018;507099;ZAL.OL
2018;2482;ATLANOK.OL
2018;5368;AVM.OL
2018;875590;BELCO.OL
2018;486871;BMA.OL
2018;88302;GOD.OL
2018;856215;GYL.OL
2018;66657;INC.OL
2018;683744;INFRO.OL
2018;1301951;MEDI.OL
2018;341945;MGN.OL
2018;273577;NGT.OL
2018;4365387;NTS.OL
2018;251614;PLT.OL
2018;1291667;POL.OL
2018;189228;PSE.OL
2018;687021;QFR.OL
2018;602611;RISH.OL
2018;1271729;SIOFF.OL
2018;1064893;SSG.OL
2018;39932;KMCP.OL
2018;1309864;TEAM.OL
2018;559109;TTS.OL
2018;780996;WILS.OL
2018;674175;WSTEP.OL
2019;40393932;AKER.OL
2019;103712691;AKRBP.OL
2019;38442950;BAKKA.OL
2019;10482195;BWLPG.OL
2019;12207117;BWO.OL
2019;259169427;DNB.OL
2019;12539730;DNO.OL
2019;585935044;EQNR.OL
2019;16539107;FRO.OL
2019;92125000;GJF.OL
2019;5962830;GOGL.OL
2019;34733606;LSG.OL
2019;118004751;MOWI.OL
2019;6174329;NAS.OL
2019;10571189;NEL.OL
2019;67532104;NHY.OL
2019;89087299;ORK.OL
2019;50905690;SALM.OL
2019;28653359;SCHA.OL
2019;32288521;STB.OL
2019;31485000;SUBC.OL
2019;227115017;TEL.OL
2019;31760000;TGS.OL
2019;41208790;TOM.OL
2019;99481443;YAR.OL
2019;71234644;ADE.OL
2019;18139489;AFG.OL
2019;2723560;AKAST.OL
2019;6724937;AKSO.OL
2019;2466738;AKVA.OL
2019;1991252;AMSC.OL
2019;470800;ARCH.OL
2019;2482849;ARCUS.OL
2019;1878281;ABG.OL
2019;799372;ASTK.OL
2019;14108502;ATEA.OL
2019;18254700;AUSS.OL
2019;3226399;AGAS.OL
2019;846013;AWDR.OL
2019;2952514;ACR.OL
2019;3916906;B2H.OL
2019;8506186;BORR.OL
2019;1538629;BELCO.OL
2019;1487215;BGBIO.OL
2019;229590;AZT.OL
2019;8463847;BONHR.OL
2019;253945;BOR.OL
2019;3977000;BOUV.OL
2019;9500000;BRG.OL
2019;396586;CARA.OL
2019;804622;CONTX.OL
2019;3920494;CRAYN.OL
2019;3616951;DAT.OL
2019;483188;DOF.OL
2019;103822;ELE.OL
2019;14393244;ELK.OL
2019;275036;EMGS.OL
2019;247727;ENDUR.OL
2019;26409148;ENTRA.OL
2019;5760427;EPR.OL
2019;3660000;FJORD.OL
2019;6060781;FKRFT.OL
2019;4918652;FLNG.OL
2019;1016324;FUNCOM.OL
2019;732646;GIG.OL
2019;156702;GOD.OL
2019;15666179;GSF.OL
2019;71329;HAVI.OL
2019;6662615;HEX.OL
2019;26688;HIDDN.OL
2019;2588229;HLNG.OL
2019;78308;HYARD.OL
2019;919026;IDEX.OL
2019;1103005;INFRO.OL
2019;1034208;INSR.OL
2019;277061;IOX.OL
2019;576887;JIN.OL
2019;2032258;KID.OL
2019;1970144;KIT.OL
2019;2746185;KOA.OL
2019;24838629;KOG.OL
2019;2297814;KOMP.OL
2019;2991280;KVAER.OL
2019;3520769;MEDI.OL
2019;368107;MGN.OL
2019;1668209;MPCC.OL
2019;1073989;MSEIS.OL
2019;2099390;NANOV.OL
2019;387929;NAPA.OL
2019;219552;NAVA.OL
2019;154550;NEXT.OL
2019;216521;NKR.OL
2019;10013835;NOD.OL
2019;2221031;NODL.OL
2019;17797452;NOFI.OL
2019;5535802;NOR.OL
2019;1135738;NORBT.OL
2019;6948271;NPRO.OL
2019;3085434;NRC.OL
2019;10422468;NRS.OL
2019;3605250;NSKOG.OL
2019;8413756;OCY.OL
2019;1740791;ODF.OL
2019;552262;ODFB.OL
2019;7747546;ODL.OL
2019;1786121;OKEA.OL
2019;17861525;OLT.OL
2019;2247639;OTEC.OL
2019;168260;OTS.OL
2019;2696277;PARB.OL
2019;2858294;PCIB.OL
2019;1575517;PEN.OL
2019;5823576;PGS.OL
2019;1950777;PHO.OL
2019;683336;PLCS.OL
2019;318170;PLT.OL
2019;4518861;PROT.OL
2019;172774;PRS.OL
2019;584168;QEC.OL
2019;606719;QFR.OL
2019;2265320;RAKP.OL
2019;749358;RECSI.OL
2019;4448400;SACAM.OL
2019;114256;SASNO.OL
2019;3854750;SATS.OL
2019;7972452;SBANK.OL
2019;939321;SBLK.OL
2019;6938661;SBO.OL
2019;304496;SBX.OL
2019;32906325;SCHB.OL
2019;723467;SDRL.OL
2019;777636;SDSD.OL
2019;2437375;SHLF.OL
2019;7311253;SNI.OL
2019;283078;SOFF.OL
2019;2836997;SOLON.OL
2019;25575108;SRBANK.OL
2019;5481324;SSC.OL
2019;2338067;SSG.OL
2019;3196907;SSHIP.OL
2019;15528468;SCATC.OL
2019;532512;STRO.OL
2019;136523;ENSU.OL
2019;2972970;TRE.OL
2019;555240;TRVX.OL
2019;1092128;ULTI.OL
2019;16127274;VEI.OL
2019;461184;VISTN.OL
2019;346400;VVL.OL
2019;9232150;WALWIL.OL
2019;5698620;WWI.OL
2019;1952077;WWIB.OL
2019;2776526;XXL.OL
2019;545333;ZAL.OL
2019;5890700;AFK.OL
2019;273920;AQUA.OL
2019;2866;ATLANOK.OL
2019;14263;AVM.OL
2019;646591;BMA.OL
2019;325666;EIOF.OL
2019;1058508;GYL.OL
2019;86009;INC.OL
2019;945146;ITERA.OL
2019;1941868;MULTI.OL
2019;4365387;NTS.OL
2019;1722223;POL.OL
2019;177401;PSE.OL
2019;227520;REACH.OL
2019;705916;RISH.OL
2019;1177771;SIOFF.OL
2019;30038;KMCP.OL
2019;1131722;TEAM.OL
2019;551876;TECH.OL
2019;12302266;TIETO.OL
2019;921064;WILS.OL
2019;652602;WSTEP.OL
2020;40393932;AKER.OL
2020;103712691;AKRBP.OL
2020;38442950;BAKKA.OL
2020;10482195;BWLPG.OL
2020;12207117;BWO.OL
2020;259169427;DNB.OL
2020;12539730;DNO.OL
2020;585935044;EQNR.OL
2020;16539107;FRO.OL
2020;92125000;GJF.OL
2020;5962830;GOGL.OL
2020;34733606;LSG.OL
2020;118004751;MOWI.OL
2020;6174329;NAS.OL
2020;10571189;NEL.OL
2020;67532104;NHY.OL
2020;89087299;ORK.OL
2020;50905690;SALM.OL
2020;28653359;SCHA.OL
2020;32288521;STB.OL
2020;31485000;SUBC.OL
2020;227115017;TEL.OL
2020;31760000;TGS.OL
2020;41208790;TOM.OL
2020;99481443;YAR.OL
2020;71234644;ADE.OL
2020;18139489;AFG.OL
2020;2723560;AKASTST.OL
2020;6724937;AKSO.OL
2020;2466738;AKVA.OL
2020;1991252;AMSC.OL
2020;470800;ARCH.OL
2020;2482849;ARCUS.OL
2020;1878281;ABG.OL
2020;799372;ASTK.OL
2020;14108502;ATEA.OL
2020;18254700;AUSS.OL
2020;3226399;AGAS.OL
2020;846013;AWDR.OL
2020;2952514;ACR.OL
2020;3916906;B2H.OL
2020;8506186;BORR.OL
2020;1538629;BELCO.OL
2020;1487215;BGBIO.OL
2020;229590;AZT.OL
2020;8463847;BONHR.OL
2020;253945;BOR.OL
2020;3977000;BOUV.OL
2020;9500000;BRG.OL
2020;396586;CARA.OL
2020;804622;CONTX.OL
2020;3920494;CRAYN.OL
2020;3616951;DAT.OL
2020;483188;DOF.OL
2020;103822;ELE.OL
2020;14393244;ELK.OL
2020;275036;EMGS.OL
2020;247727;ENDUR.OL
2020;26409148;ENTRA.OL
2020;5760427;EPR.OL
2020;3660000;FJORD.OL
2020;6060781;FKRFT.OL
2020;4918652;FLNG.OL
2020;1016324;FUNCOM.OL
2020;732646;GIG.OL
2020;156702;GOD.OL
2020;15666179;GSF.OL
2020;71329;HAVI.OL
2020;6662615;HEX.OL
2020;26688;HIDDN.OL
2020;2588229;HLNG.OL
2020;78308;HYARD.OL
2020;919026;IDEX.OL
2020;1103005;INFRO.OL
2020;1034208;INSR.OL
2020;277061;IOX.OL
2020;576887;JIN.OL
2020;2032258;KID.OL
2020;1970144;KIT.OL
2020;2746185;KOA.OL
2020;24838629;KOG.OL
2020;2297814;KOMP.OL
2020;2991280;KVAER.OL
2020;3520769;MEDI.OL
2020;368107;MGN.OL
2020;1668209;MPCC.OL
2020;1073989;MSEIS.OL
2020;2099390;NANOV.OL
2020;387929;NAPA.OL
2020;219552;NAVA.OL
2020;154550;NEXT.OL
2020;216521;NKR.OL
2020;10013835;NOD.OL
2020;2221031;NODL.OL
2020;17797452;NOFI.OL
2020;5535802;NOR.OL
2020;1135738;NORBT.OL
2020;6948271;NPRO.OL
2020;3085434;NRC.OL
2020;10422468;NRS.OL
2020;3605250;NSKOG.OL
2020;8413756;OCY.OL
2020;1740791;ODF.OL
2020;552262;ODFB.OL
2020;7747546;ODL.OL
2020;1786121;OKEA.OL
2020;17861525;OLT.OL
2020;2247639;OTEC.OL
2020;168260;OTS.OL
2020;2696277;PARB.OL
2020;2858294;PCIB.OL
2020;1575517;PEN.OL
2020;5823576;PGS.OL
2020;1950777;PHO.OL
2020;683336;PLCS.OL
2020;318170;PLT.OL
2020;4518861;PROT.OL
2020;172774;PRS.OL
2020;584168;QEC.OL
2020;606719;QFR.OL
2020;2265320;RAKP.OL
2020;749358;RECSI.OL
2020;4448400;SACAM.OL
2020;114256;SASNO.OL
2020;3854750;SATS.OL
2020;7972452;SBANK.OL
2020;939321;SBLK.OL
2020;6938661;SBO.OL
2020;304496;SBX.OL
2020;32906325;SCHB.OL
2020;723467;SDRL.OL
2020;777636;SDSD.OL
2020;2437375;SHLF.OL
2020;7311253;SNI.OL
2020;283078;SOFF.OL
2020;2836997;SOLON.OL
2020;25575108;SRBANK.OL
2020;5481324;SSC.OL
2020;2338067;SSG.OL
2020;3196907;SSHIP.OL
2020;15528468;SCATC.OL
2020;532512;STRO.OL
2020;136523;ENSU.OL
2020;2972970;TRE.OL
2020;555240;TRVX.OL
2020;1092128;ULTI.OL
2020;16127274;VEI.OL
2020;461184;VISTN.OL
2020;346400;VVL.OL
2020;9232150;WALWIL.OL
2020;5698620;WWI.OL
2020;1952077;WWIB.OL
2020;2776526;XXL.OL
2020;545333;ZAL.OL
2020;5890700;AFK.OL
2020;273920;AQUA.OL
2020;2866;ATLANOK.OL
2020;14263;AVM.OL
2020;646591;BMA.OL
2020;325666;EIOF.OL
2020;1058508;GYL.OL
2020;86009;INC.OL
2020;945146;ITERA.OL
2020;1941868;MULTI.OL
2020;4365387;NTS.OL
2020;1722223;POL.OL
2020;177401;PSE.OL
2020;227520;REACH.OL
2020;705916;RISH.OL
2020;1177771;SIOFF.OL
2020;30038;KMCP.OL
2020;1131722;TEAM.OL
2020;551876;TECH.OL
2020;12302266;TIETO.OL
2020;921064;WILS.OL
2020;652602;WSTEP.OL